,subject,region,value,session,unimodal,region_category
0,sub-1,0,0.1465580298774512,0,1,unimodal
1,sub-1,0,0.9184468552157528,1,1,unimodal
2,sub-1,3,0.0931326543034494,0,1,unimodal
3,sub-1,3,0.3963458036453534,1,1,unimodal
4,sub-1,4,0.4638856349854308,0,1,unimodal
5,sub-1,4,0.6816986138967723,1,1,unimodal
6,sub-1,5,0.2952460181638847,0,1,unimodal
7,sub-1,5,0.8432713423421943,1,1,unimodal
8,sub-1,6,0.5118743903916799,0,1,unimodal
9,sub-1,6,0.5374755670394403,1,1,unimodal
10,sub-1,8,0.3329892151034002,0,1,unimodal
11,sub-1,8,0.4607131133274139,1,1,unimodal
12,sub-1,10,0.0815235462288782,0,0,transmodal
13,sub-1,10,0.0796519910467217,1,0,transmodal
14,sub-1,13,0.3151877529895943,0,0,transmodal
15,sub-1,13,0.890265775610399,1,0,transmodal
16,sub-1,14,0.402220818148391,0,0,transmodal
17,sub-1,14,0.0292538943674761,1,0,transmodal
18,sub-1,15,0.1543679084692754,0,1,unimodal
19,sub-1,15,0.4378095259779517,1,1,unimodal
20,sub-1,16,0.0851160093776349,0,1,unimodal
21,sub-1,16,0.3667185508046361,1,1,unimodal
22,sub-1,17,0.2026438019137861,0,1,unimodal
23,sub-1,17,0.3263520920022139,1,1,unimodal
24,sub-1,18,0.0857758231309769,0,1,unimodal
25,sub-1,18,0.0906104714251253,1,1,unimodal
26,sub-1,19,0.0859802371966525,0,1,unimodal
27,sub-1,19,0.0804800112063,1,1,unimodal
28,sub-1,23,0.0772319751078622,0,1,unimodal
29,sub-1,23,0.0811197789985243,1,1,unimodal
30,sub-1,24,0.1012252660644657,0,0,transmodal
31,sub-1,24,0.0859292204026892,1,0,transmodal
32,sub-1,26,0.0813719609400395,0,0,transmodal
33,sub-1,26,0.0845727453739886,1,0,transmodal
34,sub-1,28,0.0863897338727241,0,0,transmodal
35,sub-1,28,0.5338800628004241,1,0,transmodal
36,sub-1,29,0.6239609504979486,0,0,transmodal
37,sub-1,29,0.9289095025453856,1,0,transmodal
38,sub-1,30,0.4330254353610581,0,0,transmodal
39,sub-1,30,0.901722350427431,1,0,transmodal
40,sub-1,32,0.8172887459473813,0,0,transmodal
41,sub-1,32,0.6449714225504014,1,0,transmodal
42,sub-1,33,0.6702471056046025,0,0,transmodal
43,sub-1,33,1.1134252992966978,1,0,transmodal
44,sub-1,34,0.7611731715508894,0,0,transmodal
45,sub-1,34,0.7058978402266883,1,0,transmodal
46,sub-1,36,0.0868462343671601,0,0,transmodal
47,sub-1,36,0.0460174799656707,1,0,transmodal
48,sub-1,37,0.1113450200094886,0,0,transmodal
49,sub-1,37,0.0797523251199744,1,0,transmodal
50,sub-1,40,0.0786893512112342,0,1,unimodal
51,sub-1,40,0.0799345068189411,1,1,unimodal
52,sub-1,41,0.7473478199663652,0,1,unimodal
53,sub-1,41,0.0826983811804108,1,1,unimodal
54,sub-1,43,0.1894267742733926,0,0,transmodal
55,sub-1,43,0.0869477380981087,1,0,transmodal
56,sub-1,46,0.215700107125571,0,1,unimodal
57,sub-1,46,0.0803342728426799,1,1,unimodal
58,sub-1,47,0.3636385249229939,0,1,unimodal
59,sub-1,47,0.2119009661267539,1,1,unimodal
60,sub-1,53,0.3391221224980746,0,1,unimodal
61,sub-1,53,0.0793459516676327,1,1,unimodal
62,sub-1,56,0.0793337474642923,0,0,transmodal
63,sub-1,56,0.0790232486262742,1,0,transmodal
64,sub-1,58,0.2995850250877689,0,0,transmodal
65,sub-1,58,0.0835522613678239,1,0,transmodal
66,sub-1,61,0.0836930432185842,0,0,transmodal
67,sub-1,61,0.078784635978919,1,0,transmodal
68,sub-1,62,0.0825088589700518,0,0,transmodal
69,sub-1,62,0.1529535318767066,1,0,transmodal
70,sub-1,64,0.0911333606442483,0,0,transmodal
71,sub-1,64,0.0829611727754487,1,0,transmodal
72,sub-1,67,0.084804698058933,0,0,transmodal
73,sub-1,67,0.2531386047257301,1,0,transmodal
74,sub-1,68,0.2330039028148882,0,0,transmodal
75,sub-1,68,0.258416326408567,1,0,transmodal
76,sub-1,70,0.2759558785623403,0,0,transmodal
77,sub-1,70,0.7520148048557248,1,0,transmodal
78,sub-1,71,0.3203975565736927,0,0,transmodal
79,sub-1,71,1.1183558398179128,1,0,transmodal
80,sub-1,77,0.0909560090913448,0,0,transmodal
81,sub-1,77,0.0818036797157413,1,0,transmodal
82,sub-1,83,0.091292941705045,0,0,transmodal
83,sub-1,83,0.105341748761047,1,0,transmodal
84,sub-1,84,0.1048404628714663,0,0,transmodal
85,sub-1,84,0.8939040474291751,1,0,transmodal
86,sub-1,86,0.5656518771430036,0,0,transmodal
87,sub-1,86,0.5813313771506174,1,0,transmodal
88,sub-1,89,0.0837918382993454,0,0,transmodal
89,sub-1,89,0.0782342306136999,1,0,transmodal
90,sub-1,91,0.0838041382885956,0,0,transmodal
91,sub-1,91,0.088049255415442,1,0,transmodal
92,sub-1,93,0.1471327649809451,0,0,transmodal
93,sub-1,93,0.0802267635283803,1,0,transmodal
94,sub-1,97,0.0858486986409812,0,0,transmodal
95,sub-1,97,0.0808561180175736,1,0,transmodal
96,sub-1,99,0.0820400900831232,0,1,unimodal
97,sub-1,99,0.0825661248947865,1,1,unimodal
98,sub-1,103,0.0798461641283145,0,1,unimodal
99,sub-1,103,0.0786271875322021,1,1,unimodal
100,sub-1,104,0.0826627854252329,0,0,transmodal
101,sub-1,104,0.0780448851816843,1,0,transmodal
102,sub-1,105,0.0816538641417085,0,0,transmodal
103,sub-1,105,0.0796523292317445,1,0,transmodal
104,sub-1,108,0.0868511647834708,0,0,transmodal
105,sub-1,108,0.0515814027890163,1,0,transmodal
106,sub-1,110,0.0805418645393607,0,0,transmodal
107,sub-1,110,0.0810257876934322,1,0,transmodal
108,sub-1,117,0.0793722928986925,0,0,transmodal
109,sub-1,117,0.0799351831730234,1,0,transmodal
110,sub-1,118,0.079809070567278,0,0,transmodal
111,sub-1,118,0.0793486411407983,1,0,transmodal
112,sub-1,119,0.0798098166770036,0,0,transmodal
113,sub-1,119,0.0533113591072641,1,0,transmodal
114,sub-1,120,0.0905050172989236,0,1,unimodal
115,sub-1,120,0.0811906193324565,1,1,unimodal
116,sub-1,121,0.4436002811184336,0,0,transmodal
117,sub-1,121,0.0844639596155055,1,0,transmodal
118,sub-1,122,0.0807674324636088,0,0,transmodal
119,sub-1,122,0.0835409610262901,1,0,transmodal
120,sub-1,126,0.0378767352773723,0,0,transmodal
121,sub-1,126,0.0825612865640377,1,0,transmodal
122,sub-1,129,0.0863862317533972,0,0,transmodal
123,sub-1,129,0.0551818531826833,1,0,transmodal
124,sub-1,131,0.1601577518678724,0,0,transmodal
125,sub-1,131,0.1830500166592007,1,0,transmodal
126,sub-1,133,0.0802172232691127,0,0,transmodal
127,sub-1,133,0.4517535203258338,1,0,transmodal
128,sub-1,135,0.0853256960180579,0,0,transmodal
129,sub-1,135,0.0955315046900952,1,0,transmodal
130,sub-1,136,0.3006189204802,0,0,transmodal
131,sub-1,136,0.0844273119276507,1,0,transmodal
132,sub-1,138,0.100925165272466,0,0,transmodal
133,sub-1,138,0.0267303329821469,1,0,transmodal
134,sub-1,140,0.1145697774626586,0,0,transmodal
135,sub-1,140,0.8924581108968026,1,0,transmodal
136,sub-1,141,0.0939685870891521,0,1,unimodal
137,sub-1,141,0.084193515639463,1,1,unimodal
138,sub-1,142,0.3108129645703688,0,0,transmodal
139,sub-1,142,0.896697854342777,1,0,transmodal
140,sub-1,144,0.2757491443768899,0,0,transmodal
141,sub-1,144,0.7880411752740544,1,0,transmodal
142,sub-1,148,0.447884201153553,0,0,transmodal
143,sub-1,148,0.4079458035196735,1,0,transmodal
144,sub-1,149,1.1125045074734836,0,0,transmodal
145,sub-1,149,0.8143424656474508,1,0,transmodal
146,sub-1,150,0.600051730633567,0,0,transmodal
147,sub-1,150,1.06811501084364,1,0,transmodal
148,sub-1,151,0.3140208286914691,0,1,unimodal
149,sub-1,151,0.3337943716636342,1,1,unimodal
150,sub-1,152,0.0811783294086818,0,1,unimodal
151,sub-1,152,0.0793246704765016,1,1,unimodal
152,sub-1,153,0.0835586797160337,0,1,unimodal
153,sub-1,153,0.0886699659562797,1,1,unimodal
154,sub-1,154,0.0855865372671682,0,0,transmodal
155,sub-1,154,0.0308208759490625,1,0,transmodal
156,sub-1,155,0.182461051562785,0,1,unimodal
157,sub-1,155,0.0264187766708757,1,1,unimodal
158,sub-1,156,0.454322868570039,0,1,unimodal
159,sub-1,156,0.081396255121005,1,1,unimodal
160,sub-1,158,0.0785130087576053,0,1,unimodal
161,sub-1,158,0.0803829459734428,1,1,unimodal
162,sub-1,160,1.0142547436589855,0,0,transmodal
163,sub-1,160,1.0100403997054577,1,0,transmodal
164,sub-1,161,0.0924595196209386,0,0,transmodal
165,sub-1,161,0.5852451296698498,1,0,transmodal
166,sub-1,163,0.0874758924087479,0,0,transmodal
167,sub-1,163,0.0809648864044882,1,0,transmodal
168,sub-1,166,0.0839631996511116,0,0,transmodal
169,sub-1,166,0.0805542617462596,1,0,transmodal
170,sub-1,167,0.0821689755246248,0,1,unimodal
171,sub-1,167,0.0802583345475292,1,1,unimodal
172,sub-1,168,0.0796090747496022,0,0,transmodal
173,sub-1,168,0.0815910142948284,1,0,transmodal
174,sub-1,170,0.3775684341708148,0,0,transmodal
175,sub-1,170,0.8302070165517151,1,0,transmodal
176,sub-1,171,0.0808613435935127,0,0,transmodal
177,sub-1,171,0.0799625358508375,1,0,transmodal
178,sub-1,173,0.0821910214138673,0,1,unimodal
179,sub-1,173,0.0147534614944179,1,1,unimodal
180,sub-1,177,0.0800660957463079,0,0,transmodal
181,sub-1,177,0.0835898111968924,1,0,transmodal
182,sub-1,178,0.0978216016023355,0,0,transmodal
183,sub-1,178,0.081574663938776,1,0,transmodal
184,sub-1,179,0.0821397904539115,0,0,transmodal
185,sub-1,179,0.0805588905254282,1,0,transmodal
186,sub-1,180,0.102320313219802,0,1,unimodal
187,sub-1,180,0.7122367621264905,1,1,unimodal
188,sub-1,181,0.4164398095349371,0,1,unimodal
189,sub-1,181,0.0810640320404605,1,1,unimodal
190,sub-1,182,0.2154473871371939,0,1,unimodal
191,sub-1,182,0.0812177076916539,1,1,unimodal
192,sub-1,184,0.0158908651747183,0,1,unimodal
193,sub-1,184,0.6196606649774529,1,1,unimodal
194,sub-1,185,0.4128016896806167,0,1,unimodal
195,sub-1,185,0.4691311769329991,1,1,unimodal
196,sub-1,190,0.0938624000757311,0,0,transmodal
197,sub-1,190,0.0862699039115601,1,0,transmodal
198,sub-1,191,0.2922975518999419,0,0,transmodal
199,sub-1,191,0.316771509571275,1,0,transmodal
200,sub-1,192,0.563882885751299,0,1,unimodal
201,sub-1,192,0.0219179305001937,1,1,unimodal
202,sub-1,193,0.1093381174525267,0,0,transmodal
203,sub-1,193,0.8857003914028879,1,0,transmodal
204,sub-1,196,0.2929554984021374,0,1,unimodal
205,sub-1,196,0.0950751154082963,1,1,unimodal
206,sub-1,200,0.1179410328826361,0,1,unimodal
207,sub-1,200,0.0853802280997145,1,1,unimodal
208,sub-1,203,0.07848851255249,0,1,unimodal
209,sub-1,203,0.0790686459314074,1,1,unimodal
210,sub-1,204,0.2410493411011055,0,0,transmodal
211,sub-1,204,0.1122774275987344,1,0,transmodal
212,sub-1,205,0.4057652050875867,0,0,transmodal
213,sub-1,205,0.0849360676535763,1,0,transmodal
214,sub-1,206,0.085964504016367,0,0,transmodal
215,sub-1,206,0.0916729247363297,1,0,transmodal
216,sub-1,207,0.5793066724511432,0,0,transmodal
217,sub-1,207,0.2559004298639883,1,0,transmodal
218,sub-1,209,0.7501743024979919,0,0,transmodal
219,sub-1,209,0.8081271201674386,1,0,transmodal
220,sub-1,210,0.4098240241782946,0,0,transmodal
221,sub-1,210,0.5104681361004534,1,0,transmodal
222,sub-1,212,0.7034708226161396,0,0,transmodal
223,sub-1,212,0.8877856370198206,1,0,transmodal
224,sub-1,213,0.1010090242152626,0,0,transmodal
225,sub-1,213,0.0318779280606322,1,0,transmodal
226,sub-1,214,0.1005910046337927,0,0,transmodal
227,sub-1,214,0.9060694674244004,1,0,transmodal
228,sub-1,216,0.0798342185980873,0,0,transmodal
229,sub-1,216,0.095328991228021,1,0,transmodal
230,sub-1,217,0.0808740924915227,0,0,transmodal
231,sub-1,217,0.0804220711163072,1,0,transmodal
232,sub-1,218,0.0835420633477623,0,1,unimodal
233,sub-1,218,0.0829790147895869,1,1,unimodal
234,sub-1,220,0.0790773787302325,0,1,unimodal
235,sub-1,220,0.0796531833284908,1,1,unimodal
236,sub-1,224,0.4243463524187317,0,0,transmodal
237,sub-1,224,0.0865658569444864,1,0,transmodal
238,sub-1,229,0.2627259319394093,0,0,transmodal
239,sub-1,229,0.5966355327792636,1,0,transmodal
240,sub-1,234,0.0929781805554036,0,1,unimodal
241,sub-1,234,0.0343582353557675,1,1,unimodal
242,sub-1,236,0.0800008969252073,0,0,transmodal
243,sub-1,236,0.080573797337853,1,0,transmodal
244,sub-1,238,0.0813165698268482,0,0,transmodal
245,sub-1,238,0.0824940379029896,1,0,transmodal
246,sub-1,239,0.0793159955680582,0,0,transmodal
247,sub-1,239,0.0810210540109366,1,0,transmodal
248,sub-1,240,0.319692093496784,0,0,transmodal
249,sub-1,240,0.0822114786244894,1,0,transmodal
250,sub-1,241,0.0793364012423263,0,0,transmodal
251,sub-1,241,0.0842614403550187,1,0,transmodal
252,sub-1,243,0.083945976187748,0,0,transmodal
253,sub-1,243,0.3010425058047575,1,0,transmodal
254,sub-1,246,0.5439259375051052,0,0,transmodal
255,sub-1,246,0.2968461636742396,1,0,transmodal
256,sub-1,247,0.5004687627816815,0,0,transmodal
257,sub-1,247,0.3579349102122434,1,0,transmodal
258,sub-1,250,0.0845476050096029,0,0,transmodal
259,sub-1,250,0.4198241898272625,1,0,transmodal
260,sub-1,251,0.6325235114509014,0,0,transmodal
261,sub-1,251,1.0314433954749835,1,0,transmodal
262,sub-1,252,0.2433185831197414,0,0,transmodal
263,sub-1,252,0.3966081070012652,1,0,transmodal
264,sub-1,255,0.0882880734588752,0,0,transmodal
265,sub-1,255,0.0799314275214819,1,0,transmodal
266,sub-1,258,0.0785915486383123,0,0,transmodal
267,sub-1,258,0.079218107899288,1,0,transmodal
268,sub-1,262,0.0798962956852471,0,0,transmodal
269,sub-1,262,0.3861317070169059,1,0,transmodal
270,sub-1,268,0.0844394208911199,0,0,transmodal
271,sub-1,268,0.1014678261281707,1,0,transmodal
272,sub-1,269,0.0818531427769674,0,0,transmodal
273,sub-1,269,0.0814248871933858,1,0,transmodal
274,sub-1,270,0.0847313640618101,0,0,transmodal
275,sub-1,270,0.0818448384874425,1,0,transmodal
276,sub-1,272,0.0793188891761193,0,0,transmodal
277,sub-1,272,0.0300229832609286,1,0,transmodal
278,sub-1,274,0.5641838252187805,0,0,transmodal
279,sub-1,274,0.6212834907887469,1,0,transmodal
280,sub-1,275,0.0815907090046433,0,0,transmodal
281,sub-1,275,0.0839954740648871,1,0,transmodal
282,sub-1,276,0.3125070970367722,0,0,transmodal
283,sub-1,276,1.1887507323932045,1,0,transmodal
284,sub-1,278,0.0911491098572048,0,0,transmodal
285,sub-1,278,0.07941782918939,1,0,transmodal
286,sub-1,279,0.1361126915335613,0,1,unimodal
287,sub-1,279,0.0836723370098784,1,1,unimodal
288,sub-1,285,0.0168196669499064,0,0,transmodal
289,sub-1,285,0.0786027688623171,1,0,transmodal
290,sub-1,286,0.0808655438294011,0,1,unimodal
291,sub-1,286,0.0851895092460144,1,1,unimodal
292,sub-1,287,0.082955251659042,0,0,transmodal
293,sub-1,287,0.0126581657051673,1,0,transmodal
294,sub-1,290,0.0823671505694627,0,0,transmodal
295,sub-1,290,0.0818065844094361,1,0,transmodal
296,sub-1,292,0.0941000273443525,0,0,transmodal
297,sub-1,292,0.0791282564021469,1,0,transmodal
298,sub-1,293,0.0815819672320973,0,0,transmodal
299,sub-1,293,0.0823258709314927,1,0,transmodal
300,sub-1,294,0.0775682642768744,0,1,unimodal
301,sub-1,294,0.0432859990662924,1,1,unimodal
302,sub-1,295,0.2901195663418228,0,0,transmodal
303,sub-1,295,0.0823950599610107,1,0,transmodal
304,sub-1,297,0.0811081401654923,0,0,transmodal
305,sub-1,297,0.0814630138115777,1,0,transmodal
306,sub-1,298,0.081570535678959,0,0,transmodal
307,sub-1,298,0.0812779976522241,1,0,transmodal
308,sub-1,299,0.0517808980617295,0,0,transmodal
309,sub-1,299,0.0406866079665757,1,0,transmodal
310,sub-1,302,0.0807634234650187,0,0,transmodal
311,sub-1,302,0.0828873597137839,1,0,transmodal
312,sub-1,304,0.1159573194661943,0,0,transmodal
313,sub-1,304,0.0898236266201557,1,0,transmodal
314,sub-1,305,0.0805394471033843,0,0,transmodal
315,sub-1,305,0.0801875239777308,1,0,transmodal
316,sub-1,308,0.2149648182397346,0,0,transmodal
317,sub-1,308,0.0800021400300147,1,0,transmodal
318,sub-1,310,0.0809687176991233,0,0,transmodal
319,sub-1,310,0.021867658468282,1,0,transmodal
320,sub-1,311,0.088883197061719,0,0,transmodal
321,sub-1,311,0.5264259350984735,1,0,transmodal
322,sub-1,313,0.5082304046893585,0,0,transmodal
323,sub-1,313,0.0838794859349343,1,0,transmodal
324,sub-1,315,0.0857336563887363,0,0,transmodal
325,sub-1,315,0.0826470005420517,1,0,transmodal
326,sub-1,317,0.1012839092251302,0,1,unimodal
327,sub-1,317,0.6450859200812654,1,1,unimodal
328,sub-1,320,0.1254190734110199,0,0,transmodal
329,sub-1,320,0.0847934265639566,1,0,transmodal
330,sub-1,321,0.2892125452437704,0,1,unimodal
331,sub-1,321,1.2525164138532048,1,1,unimodal
332,sub-1,322,0.3615959208612462,0,0,transmodal
333,sub-1,322,0.514910562541687,1,0,transmodal
334,sub-1,323,0.0938489358659901,0,0,transmodal
335,sub-1,323,0.0832151267882054,1,0,transmodal
336,sub-1,324,0.4226627029194065,0,0,transmodal
337,sub-1,324,0.0298686327489062,1,0,transmodal
338,sub-1,326,0.0248829601021097,0,0,transmodal
339,sub-1,326,0.0806068711481584,1,0,transmodal
340,sub-1,328,0.402565858555098,0,0,transmodal
341,sub-1,328,0.0152034336770888,1,0,transmodal
342,sub-1,329,0.8027238970939901,0,0,transmodal
343,sub-1,329,0.8020483845897444,1,0,transmodal
344,sub-1,330,0.6105673569561835,0,0,transmodal
345,sub-1,330,0.984261582849261,1,0,transmodal
346,sub-1,332,0.2133445623283791,0,1,unimodal
347,sub-1,332,0.0794401780295508,1,1,unimodal
348,sub-1,333,0.0829238150534223,0,1,unimodal
349,sub-1,333,0.0811121249682296,1,1,unimodal
350,sub-1,334,0.0999621782846638,0,0,transmodal
351,sub-1,334,0.0842353523218497,1,0,transmodal
352,sub-1,335,0.0504355774512827,0,1,unimodal
353,sub-1,335,0.443104524399579,1,1,unimodal
354,sub-1,336,0.8359924427098089,0,1,unimodal
355,sub-1,336,0.1057124311777619,1,1,unimodal
356,sub-1,337,0.2754727699026976,0,1,unimodal
357,sub-1,337,0.3751096318673483,1,1,unimodal
358,sub-1,338,0.1069999055643749,0,1,unimodal
359,sub-1,338,0.3760585259268821,1,1,unimodal
360,sub-1,339,0.0804571456499018,0,1,unimodal
361,sub-1,339,0.0785652590490945,1,1,unimodal
362,sub-1,345,0.0806746682918138,0,0,transmodal
363,sub-1,345,0.0838454109745074,1,0,transmodal
364,sub-1,346,0.0792364929310054,0,0,transmodal
365,sub-1,346,0.0791403415292025,1,0,transmodal
366,sub-1,347,0.0816013922787923,0,1,unimodal
367,sub-1,347,0.0818400592305898,1,1,unimodal
368,sub-1,349,0.0791537590374219,0,0,transmodal
369,sub-1,349,0.7204141895020243,1,0,transmodal
370,sub-1,353,0.0267111308605097,0,1,unimodal
371,sub-1,353,0.0837581669463038,1,1,unimodal
372,sub-1,355,0.1362760194939355,0,0,transmodal
373,sub-1,355,0.08411735588521,1,0,transmodal
374,sub-1,358,0.0865587819984618,0,0,transmodal
375,sub-1,358,0.0478708829544272,1,0,transmodal
376,sub-13,0,0.4541466720886338,0,1,unimodal
377,sub-13,0,0.4382261885217462,1,1,unimodal
378,sub-13,2,0.0165081757019579,0,1,unimodal
379,sub-13,2,0.0806314356848853,1,1,unimodal
380,sub-13,5,0.0981592420452052,0,1,unimodal
381,sub-13,5,0.5017239580097361,1,1,unimodal
382,sub-13,8,0.0361650049185203,0,1,unimodal
383,sub-13,8,0.431664638598661,1,1,unimodal
384,sub-13,9,0.0817207288150101,0,0,transmodal
385,sub-13,9,0.0999423738141179,1,0,transmodal
386,sub-13,11,0.1176199635509243,0,0,transmodal
387,sub-13,11,0.411696710860809,1,0,transmodal
388,sub-13,13,0.597547515216703,0,0,transmodal
389,sub-13,13,0.351640879655403,1,0,transmodal
390,sub-13,14,0.4993153944776779,0,0,transmodal
391,sub-13,14,1.028778495900465,1,0,transmodal
392,sub-13,15,0.089868813745388,0,1,unimodal
393,sub-13,15,0.4229838212279667,1,1,unimodal
394,sub-13,18,0.0856099072689229,0,1,unimodal
395,sub-13,18,0.4255118614226183,1,1,unimodal
396,sub-13,19,0.0795788977892004,0,1,unimodal
397,sub-13,19,0.0350017062191688,1,1,unimodal
398,sub-13,20,0.0863051613522238,0,1,unimodal
399,sub-13,20,0.4528162500261476,1,1,unimodal
400,sub-13,22,0.3203352900176541,0,1,unimodal
401,sub-13,22,0.6379596405292742,1,1,unimodal
402,sub-13,25,0.0342422840192322,0,0,transmodal
403,sub-13,25,0.4390167992716043,1,0,transmodal
404,sub-13,26,0.4004297014866431,0,0,transmodal
405,sub-13,26,0.7562703477806396,1,0,transmodal
406,sub-13,28,0.7583453713396378,0,0,transmodal
407,sub-13,28,0.0248549189555691,1,0,transmodal
408,sub-13,29,0.843873609881636,0,0,transmodal
409,sub-13,29,0.8220501325906114,1,0,transmodal
410,sub-13,30,0.7414807837603691,0,0,transmodal
411,sub-13,30,0.746682515775638,1,0,transmodal
412,sub-13,32,0.4842763036583854,0,0,transmodal
413,sub-13,32,0.467390910234422,1,0,transmodal
414,sub-13,33,0.3716138081803769,0,0,transmodal
415,sub-13,33,0.6369983364838048,1,0,transmodal
416,sub-13,34,0.5150735453645993,0,0,transmodal
417,sub-13,34,0.4745567149349866,1,0,transmodal
418,sub-13,42,0.6822560534601262,0,0,transmodal
419,sub-13,42,0.0234549289264237,1,0,transmodal
420,sub-13,44,0.7529320893188084,0,0,transmodal
421,sub-13,44,0.8983800704043327,1,0,transmodal
422,sub-13,45,0.4737481879319289,0,0,transmodal
423,sub-13,45,0.0838525123257163,1,0,transmodal
424,sub-13,47,0.8572309062751078,0,1,unimodal
425,sub-13,47,0.7721279839609377,1,1,unimodal
426,sub-13,48,0.4806548038746028,0,1,unimodal
427,sub-13,48,0.3952563974581515,1,1,unimodal
428,sub-13,50,0.9971033135880056,0,1,unimodal
429,sub-13,50,0.234173899319987,1,1,unimodal
430,sub-13,51,0.0832803693300914,0,1,unimodal
431,sub-13,51,0.0824069329041671,1,1,unimodal
432,sub-13,52,0.0802890402147982,0,1,unimodal
433,sub-13,52,0.3997021604651213,1,1,unimodal
434,sub-13,54,0.0805942901890062,0,1,unimodal
435,sub-13,54,0.0117262524362018,1,1,unimodal
436,sub-13,57,0.0960566249897699,0,0,transmodal
437,sub-13,57,0.0839108906461118,1,0,transmodal
438,sub-13,58,0.023374440581422,0,0,transmodal
439,sub-13,58,0.0813699006300651,1,0,transmodal
440,sub-13,62,0.1949494450674148,0,0,transmodal
441,sub-13,62,0.8548101146436513,1,0,transmodal
442,sub-13,64,0.2917979072905654,0,0,transmodal
443,sub-13,64,0.1016709754966383,1,0,transmodal
444,sub-13,66,0.6536316728248657,0,0,transmodal
445,sub-13,66,0.786901824378933,1,0,transmodal
446,sub-13,67,0.7756028672504749,0,0,transmodal
447,sub-13,67,1.08989397966395,1,0,transmodal
448,sub-13,68,0.1836463885183362,0,0,transmodal
449,sub-13,68,0.6691015944891617,1,0,transmodal
450,sub-13,69,0.1769554484256249,0,0,transmodal
451,sub-13,69,1.0024225785372862,1,0,transmodal
452,sub-13,70,0.0887688061634981,0,0,transmodal
453,sub-13,70,0.7729670816821193,1,0,transmodal
454,sub-13,71,0.3609831511007828,0,0,transmodal
455,sub-13,71,0.7623618256749725,1,0,transmodal
456,sub-13,72,0.860175434917572,0,0,transmodal
457,sub-13,72,0.4580887485849702,1,0,transmodal
458,sub-13,73,0.082297560545097,0,0,transmodal
459,sub-13,73,0.1018754645187161,1,0,transmodal
460,sub-13,74,0.3503312054777972,0,0,transmodal
461,sub-13,74,0.0868979897563778,1,0,transmodal
462,sub-13,76,0.0292195314066694,0,0,transmodal
463,sub-13,76,0.4843204714891458,1,0,transmodal
464,sub-13,78,0.0426252039768493,0,0,transmodal
465,sub-13,78,0.4330336778940639,1,0,transmodal
466,sub-13,79,0.0894752665249232,0,0,transmodal
467,sub-13,79,0.2246947293873296,1,0,transmodal
468,sub-13,80,0.5327598826485261,0,0,transmodal
469,sub-13,80,0.2614426725373991,1,0,transmodal
470,sub-13,81,1.0081617001551495,0,0,transmodal
471,sub-13,81,0.2949031804829538,1,0,transmodal
472,sub-13,83,1.1356117877605545,0,0,transmodal
473,sub-13,83,0.1242181128665737,1,0,transmodal
474,sub-13,84,1.1502397864426204,0,0,transmodal
475,sub-13,84,1.2290822362992753,1,0,transmodal
476,sub-13,85,0.8036346207457018,0,0,transmodal
477,sub-13,85,0.6292868919590084,1,0,transmodal
478,sub-13,86,0.6972814493578857,0,0,transmodal
479,sub-13,86,0.6626200703927431,1,0,transmodal
480,sub-13,87,0.6055385649856728,0,0,transmodal
481,sub-13,87,0.1750872974022286,1,0,transmodal
482,sub-13,88,1.10876391675046,0,0,transmodal
483,sub-13,88,1.0676648469642585,1,0,transmodal
484,sub-13,89,0.3154007505635298,0,0,transmodal
485,sub-13,89,0.0986151016325732,1,0,transmodal
486,sub-13,92,0.1013668754320275,0,0,transmodal
487,sub-13,92,0.0843168026204775,1,0,transmodal
488,sub-13,94,0.0848903331731506,0,0,transmodal
489,sub-13,94,0.2164780232213141,1,0,transmodal
490,sub-13,96,0.3819274287817111,0,0,transmodal
491,sub-13,96,0.5007748843497926,1,0,transmodal
492,sub-13,97,0.4830014827155041,0,0,transmodal
493,sub-13,97,0.9643942152634256,1,0,transmodal
494,sub-13,101,0.0839294651166483,0,1,unimodal
495,sub-13,101,0.3323914604731999,1,1,unimodal
496,sub-13,103,0.0868005946469532,0,1,unimodal
497,sub-13,103,0.0905166372537655,1,1,unimodal
498,sub-13,106,0.0833605250452113,0,1,unimodal
499,sub-13,106,0.1165958583945449,1,1,unimodal
500,sub-13,108,0.1982779483939075,0,0,transmodal
501,sub-13,108,0.4193558300348678,1,0,transmodal
502,sub-13,110,0.0832992181365854,0,0,transmodal
503,sub-13,110,0.3878175429696072,1,0,transmodal
504,sub-13,112,0.0850733954227103,0,0,transmodal
505,sub-13,112,0.0884574375102702,1,0,transmodal
506,sub-13,114,0.0801019846499249,0,1,unimodal
507,sub-13,114,0.0929062895364003,1,1,unimodal
508,sub-13,116,0.0800059860292347,0,0,transmodal
509,sub-13,116,0.0801665611031166,1,0,transmodal
510,sub-13,123,0.0794151706016648,0,1,unimodal
511,sub-13,123,0.1138331752705427,1,1,unimodal
512,sub-13,125,0.0815669283024651,0,0,transmodal
513,sub-13,125,0.0807956926585435,1,0,transmodal
514,sub-13,130,0.3161347003110015,0,0,transmodal
515,sub-13,130,0.0290177641633588,1,0,transmodal
516,sub-13,131,0.3404853075761532,0,0,transmodal
517,sub-13,131,0.3098309154905988,1,0,transmodal
518,sub-13,132,0.8499663230950022,0,0,transmodal
519,sub-13,132,0.0906405191207148,1,0,transmodal
520,sub-13,133,0.0870921699945051,0,0,transmodal
521,sub-13,133,0.491873458912054,1,0,transmodal
522,sub-13,135,0.0833471453107536,0,0,transmodal
523,sub-13,135,0.0790800759564369,1,0,transmodal
524,sub-13,136,0.1045756337008058,0,0,transmodal
525,sub-13,136,0.2567815094678558,1,0,transmodal
526,sub-13,137,0.0798941265746134,0,1,unimodal
527,sub-13,137,0.470693131276805,1,1,unimodal
528,sub-13,140,0.2682202511954366,0,0,transmodal
529,sub-13,140,0.7860761792566551,1,0,transmodal
530,sub-13,141,0.8346683141274932,0,1,unimodal
531,sub-13,141,0.5644819911685559,1,1,unimodal
532,sub-13,142,0.593776649649169,0,0,transmodal
533,sub-13,142,1.3824067844798984,1,0,transmodal
534,sub-13,144,0.0920634889235777,0,0,transmodal
535,sub-13,144,0.7454494182141397,1,0,transmodal
536,sub-13,146,0.084537154012653,0,0,transmodal
537,sub-13,146,0.0895410834458054,1,0,transmodal
538,sub-13,148,0.7281509632909426,0,0,transmodal
539,sub-13,148,1.3676929085256933,1,0,transmodal
540,sub-13,150,0.5635979736599454,0,0,transmodal
541,sub-13,150,1.0353572408783616,1,0,transmodal
542,sub-13,151,0.6279955057618011,0,1,unimodal
543,sub-13,151,0.4891437727250084,1,1,unimodal
544,sub-13,152,0.0784147003988813,0,1,unimodal
545,sub-13,152,0.0793369804626121,1,1,unimodal
546,sub-13,160,0.6339247916716196,0,0,transmodal
547,sub-13,160,0.7073196326329892,1,0,transmodal
548,sub-13,164,0.9934841692758144,0,0,transmodal
549,sub-13,164,0.6738228555897628,1,0,transmodal
550,sub-13,165,0.495126763592993,0,0,transmodal
551,sub-13,165,0.4012986617277912,1,0,transmodal
552,sub-13,169,0.8828916526994027,0,0,transmodal
553,sub-13,169,0.8524853026890208,1,0,transmodal
554,sub-13,170,0.93540235788325,0,0,transmodal
555,sub-13,170,0.827401281257028,1,0,transmodal
556,sub-13,173,0.0936249603696325,0,1,unimodal
557,sub-13,173,0.0844618809734171,1,1,unimodal
558,sub-13,177,0.084949145964208,0,0,transmodal
559,sub-13,177,0.079119238108128,1,0,transmodal
560,sub-13,178,0.0902036380605516,0,0,transmodal
561,sub-13,178,0.3644242596914968,1,0,transmodal
562,sub-13,182,0.080023782492593,0,1,unimodal
563,sub-13,182,0.3694255679718015,1,1,unimodal
564,sub-13,183,0.2302780467141011,0,1,unimodal
565,sub-13,183,0.4535833126298758,1,1,unimodal
566,sub-13,184,0.0323157419105758,0,1,unimodal
567,sub-13,184,0.7135130088196086,1,1,unimodal
568,sub-13,185,0.674500848940888,0,1,unimodal
569,sub-13,185,0.5321663472403638,1,1,unimodal
570,sub-13,186,0.1216333933222241,0,1,unimodal
571,sub-13,186,0.1979496872375292,1,1,unimodal
572,sub-13,189,0.3006864893405737,0,0,transmodal
573,sub-13,189,0.0808615854753851,1,0,transmodal
574,sub-13,190,0.1409890730195875,0,0,transmodal
575,sub-13,190,0.0811440431295484,1,0,transmodal
576,sub-13,191,0.2122183414728983,0,0,transmodal
577,sub-13,191,0.0389954635017756,1,0,transmodal
578,sub-13,192,0.4342137311783258,0,1,unimodal
579,sub-13,192,0.7229152358683382,1,1,unimodal
580,sub-13,193,0.3868097527811976,0,0,transmodal
581,sub-13,193,0.3087263510400677,1,0,transmodal
582,sub-13,194,0.036833267585356,0,0,transmodal
583,sub-13,194,0.8411775927271761,1,0,transmodal
584,sub-13,195,0.4641680108956514,0,1,unimodal
585,sub-13,195,0.8336528870337461,1,1,unimodal
586,sub-13,197,0.0357926822122897,0,1,unimodal
587,sub-13,197,0.3050494072415945,1,1,unimodal
588,sub-13,198,0.0834231538907816,0,1,unimodal
589,sub-13,198,0.4545952568683847,1,1,unimodal
590,sub-13,199,0.1025247750689506,0,1,unimodal
591,sub-13,199,0.3022743509461386,1,1,unimodal
592,sub-13,201,0.996865404532294,0,1,unimodal
593,sub-13,201,0.1118167397085934,1,1,unimodal
594,sub-13,206,0.0655835866026709,0,0,transmodal
595,sub-13,206,1.1940185221991817,1,0,transmodal
596,sub-13,207,0.0859715165772568,0,0,transmodal
597,sub-13,207,0.4693013555852124,1,0,transmodal
598,sub-13,208,0.5127117461638296,0,0,transmodal
599,sub-13,208,0.8353699539562495,1,0,transmodal
600,sub-13,209,0.8270019471203127,0,0,transmodal
601,sub-13,209,0.8409323470388715,1,0,transmodal
602,sub-13,210,0.6484989005544599,0,0,transmodal
603,sub-13,210,0.8060277290750748,1,0,transmodal
604,sub-13,212,0.730464333149849,0,0,transmodal
605,sub-13,212,0.6446747051612317,1,0,transmodal
606,sub-13,213,0.0880759410944857,0,0,transmodal
607,sub-13,213,0.7917679910293546,1,0,transmodal
608,sub-13,214,0.439382761739422,0,0,transmodal
609,sub-13,214,0.9048555688925928,1,0,transmodal
610,sub-13,215,0.0845839235829694,0,1,unimodal
611,sub-13,215,0.0919358626262118,1,1,unimodal
612,sub-13,216,0.0865268631747903,0,0,transmodal
613,sub-13,216,0.0807623969357083,1,0,transmodal
614,sub-13,222,0.0937054187440498,0,0,transmodal
615,sub-13,222,0.0835154933603113,1,0,transmodal
616,sub-13,224,0.6167998357847849,0,0,transmodal
617,sub-13,224,0.9430452110758982,1,0,transmodal
618,sub-13,225,0.2931281435774058,0,0,transmodal
619,sub-13,225,0.5691860281739481,1,0,transmodal
620,sub-13,226,0.535355110075977,0,1,unimodal
621,sub-13,226,0.3023029068032907,1,1,unimodal
622,sub-13,227,1.066498177312012,0,1,unimodal
623,sub-13,227,0.3030876994146718,1,1,unimodal
624,sub-13,228,0.7588666216825097,0,1,unimodal
625,sub-13,228,0.3330091764213906,1,1,unimodal
626,sub-13,229,1.1589210786479154,0,0,transmodal
627,sub-13,229,0.4003783739901457,1,0,transmodal
628,sub-13,230,0.347854773712252,0,1,unimodal
629,sub-13,230,0.6659627924390995,1,1,unimodal
630,sub-13,233,0.4968995174332026,0,1,unimodal
631,sub-13,233,0.0817367615155264,1,1,unimodal
632,sub-13,234,0.0818622382928367,0,1,unimodal
633,sub-13,234,0.079291074912486,1,1,unimodal
634,sub-13,235,0.244537318491563,0,1,unimodal
635,sub-13,235,0.0820074492954294,1,1,unimodal
636,sub-13,237,0.3769249251891209,0,0,transmodal
637,sub-13,237,0.0778423499182895,1,0,transmodal
638,sub-13,238,1.132121110568974,0,0,transmodal
639,sub-13,238,0.0860573487153663,1,0,transmodal
640,sub-13,240,0.4470121495009496,0,0,transmodal
641,sub-13,240,0.684968523698652,1,0,transmodal
642,sub-13,241,0.0843092234450765,0,0,transmodal
643,sub-13,241,0.3917103264190975,1,0,transmodal
644,sub-13,242,0.0822504417198814,0,0,transmodal
645,sub-13,242,0.0265607685708959,1,0,transmodal
646,sub-13,243,0.3977754887603706,0,0,transmodal
647,sub-13,243,0.7697389086549956,1,0,transmodal
648,sub-13,244,0.2640189628453082,0,0,transmodal
649,sub-13,244,0.744442848795782,1,0,transmodal
650,sub-13,246,0.6666589427385894,0,0,transmodal
651,sub-13,246,0.9399576657553688,1,0,transmodal
652,sub-13,247,0.3820915654400858,0,0,transmodal
653,sub-13,247,0.0486428850684895,1,0,transmodal
654,sub-13,248,0.2432253271593459,0,0,transmodal
655,sub-13,248,0.6795883376869503,1,0,transmodal
656,sub-13,249,0.0809275560801484,0,0,transmodal
657,sub-13,249,0.6329195870367637,1,0,transmodal
658,sub-13,250,0.0469553514096853,0,0,transmodal
659,sub-13,250,0.6588022262702283,1,0,transmodal
660,sub-13,251,0.6007613580622915,0,0,transmodal
661,sub-13,251,0.7545943930284441,1,0,transmodal
662,sub-13,260,0.0425673388459731,0,0,transmodal
663,sub-13,260,0.0429876181024086,1,0,transmodal
664,sub-13,261,0.4708048505991439,0,0,transmodal
665,sub-13,261,0.0247412456200725,1,0,transmodal
666,sub-13,262,0.4481246991026368,0,0,transmodal
667,sub-13,262,0.1176658561987337,1,0,transmodal
668,sub-13,264,0.7630666220229494,0,0,transmodal
669,sub-13,264,0.6151285388520149,1,0,transmodal
670,sub-13,265,1.0000595233772769,0,0,transmodal
671,sub-13,265,1.3617161012365384,1,0,transmodal
672,sub-13,266,0.2432151291089457,0,0,transmodal
673,sub-13,266,1.1924559285794911,1,0,transmodal
674,sub-13,267,0.87298178563465,0,0,transmodal
675,sub-13,267,0.4036373131309044,1,0,transmodal
676,sub-13,269,0.0807521738412936,0,0,transmodal
677,sub-13,269,0.0920568241265099,1,0,transmodal
678,sub-13,270,0.0817634850081907,0,0,transmodal
679,sub-13,270,0.308721244077462,1,0,transmodal
680,sub-13,271,0.4684282502668344,0,0,transmodal
681,sub-13,271,0.0811307972000934,1,0,transmodal
682,sub-13,272,0.3711816044677898,0,0,transmodal
683,sub-13,272,0.0909789944124841,1,0,transmodal
684,sub-13,274,0.013308548109934,0,0,transmodal
685,sub-13,274,0.4317091370294495,1,0,transmodal
686,sub-13,275,0.0886171719625588,0,0,transmodal
687,sub-13,275,0.0816422288597246,1,0,transmodal
688,sub-13,276,0.0822379699434973,0,0,transmodal
689,sub-13,276,1.3036374143267015,1,0,transmodal
690,sub-13,277,0.5700932021934718,0,0,transmodal
691,sub-13,277,1.2060449925108567,1,0,transmodal
692,sub-13,279,0.0970740161122567,0,1,unimodal
693,sub-13,279,0.3900019389364947,1,1,unimodal
694,sub-13,281,0.0939147632018249,0,1,unimodal
695,sub-13,281,0.0854427935359777,1,1,unimodal
696,sub-13,282,0.0858396143311971,0,1,unimodal
697,sub-13,282,0.0909245238966115,1,1,unimodal
698,sub-13,286,0.089714335952758,0,1,unimodal
699,sub-13,286,0.3158418005419649,1,1,unimodal
700,sub-13,288,0.037994848402422,0,0,transmodal
701,sub-13,288,0.246352005318704,1,0,transmodal
702,sub-13,292,0.0375559981573554,0,0,transmodal
703,sub-13,292,0.2783086630758144,1,0,transmodal
704,sub-13,293,0.251319328401579,0,0,transmodal
705,sub-13,293,0.3527354147623029,1,0,transmodal
706,sub-13,295,0.106525323350169,0,0,transmodal
707,sub-13,295,0.1172259835638372,1,0,transmodal
708,sub-13,296,0.4967200512872451,0,0,transmodal
709,sub-13,296,0.4478836293151662,1,0,transmodal
710,sub-13,300,0.0800992013499787,0,1,unimodal
711,sub-13,300,0.08348049799963,1,1,unimodal
712,sub-13,302,0.394043773783121,0,0,transmodal
713,sub-13,302,0.0963330195963526,1,0,transmodal
714,sub-13,303,0.0917673625935312,0,1,unimodal
715,sub-13,303,0.1096999243579348,1,1,unimodal
716,sub-13,304,0.0876942150603908,0,0,transmodal
717,sub-13,304,0.0108330060852951,1,0,transmodal
718,sub-13,305,0.1261255280703442,0,0,transmodal
719,sub-13,305,0.2844034096557862,1,0,transmodal
720,sub-13,308,0.0798545999888562,0,0,transmodal
721,sub-13,308,0.0864220327020718,1,0,transmodal
722,sub-13,309,0.3669945830742883,0,0,transmodal
723,sub-13,309,0.4702062244304897,1,0,transmodal
724,sub-13,310,0.5807119413243391,0,0,transmodal
725,sub-13,310,0.0828988874106794,1,0,transmodal
726,sub-13,311,0.4079139971297751,0,0,transmodal
727,sub-13,311,0.5758369924919928,1,0,transmodal
728,sub-13,312,0.955445876345065,0,0,transmodal
729,sub-13,312,0.1679123253978761,1,0,transmodal
730,sub-13,316,1.1143920146960895,0,0,transmodal
731,sub-13,316,1.725565826095407,1,0,transmodal
732,sub-13,317,0.8794203469764741,0,1,unimodal
733,sub-13,317,0.090171904658575,1,1,unimodal
734,sub-13,318,0.2609275092902548,0,0,transmodal
735,sub-13,318,0.5244725965157686,1,0,transmodal
736,sub-13,321,0.6182460715506882,0,1,unimodal
737,sub-13,321,0.5293870461804657,1,1,unimodal
738,sub-13,322,0.4942782385109584,0,0,transmodal
739,sub-13,322,0.9811807189930888,1,0,transmodal
740,sub-13,323,0.5609769191599913,0,0,transmodal
741,sub-13,323,0.2403288942789597,1,0,transmodal
742,sub-13,328,0.4405573247792466,0,0,transmodal
743,sub-13,328,1.0437479481322671,1,0,transmodal
744,sub-13,329,0.6845681302602512,0,0,transmodal
745,sub-13,329,1.3062473626760642,1,0,transmodal
746,sub-13,330,0.5156087474438863,0,0,transmodal
747,sub-13,330,1.0708261458870494,1,0,transmodal
748,sub-13,331,0.474845737890132,0,1,unimodal
749,sub-13,331,0.5816212853400688,1,1,unimodal
750,sub-13,334,0.0809766496659584,0,0,transmodal
751,sub-13,334,0.0789505664534475,1,0,transmodal
752,sub-13,340,0.5949269697655784,0,0,transmodal
753,sub-13,340,1.1199470888243968,1,0,transmodal
754,sub-13,341,0.082059096816482,0,0,transmodal
755,sub-13,341,0.4091951912966865,1,0,transmodal
756,sub-13,342,0.0899645695117244,0,1,unimodal
757,sub-13,342,0.3765819405443651,1,1,unimodal
758,sub-13,343,0.5793851553229796,0,0,transmodal
759,sub-13,343,0.0863474885427364,1,0,transmodal
760,sub-13,344,0.3085848347551011,0,0,transmodal
761,sub-13,344,0.6478683219806453,1,0,transmodal
762,sub-13,345,0.5446692053264711,0,0,transmodal
763,sub-13,345,0.3851192617671249,1,0,transmodal
764,sub-13,347,0.0794811929033705,0,1,unimodal
765,sub-13,347,0.0828107844293109,1,1,unimodal
766,sub-13,348,0.088662534031455,0,0,transmodal
767,sub-13,348,0.0892979748532462,1,0,transmodal
768,sub-13,349,0.6646535714354103,0,0,transmodal
769,sub-13,349,1.1880410855149863,1,0,transmodal
770,sub-13,350,0.3380263939466998,0,0,transmodal
771,sub-13,350,0.4674826358440705,1,0,transmodal
772,sub-13,351,0.453183698329705,0,0,transmodal
773,sub-13,351,0.3193900736308613,1,0,transmodal
774,sub-13,356,0.0136794431423753,0,0,transmodal
775,sub-13,356,0.3108027020925975,1,0,transmodal
776,sub-19,0,0.4361071141336286,0,1,unimodal
777,sub-19,0,0.4718961815561342,1,1,unimodal
778,sub-19,2,0.0792387792540775,0,1,unimodal
779,sub-19,2,0.085565009690515,1,1,unimodal
780,sub-19,3,0.092044248115172,0,1,unimodal
781,sub-19,3,0.2590927491515644,1,1,unimodal
782,sub-19,7,0.0810971524255985,0,1,unimodal
783,sub-19,7,0.11318925064196,1,1,unimodal
784,sub-19,8,0.0856029609479901,0,1,unimodal
785,sub-19,8,0.7264697724134599,1,1,unimodal
786,sub-19,9,0.0862685143797495,0,0,transmodal
787,sub-19,9,0.1893167905809323,1,0,transmodal
788,sub-19,10,0.078811706711063,0,0,transmodal
789,sub-19,10,0.0404877214520848,1,0,transmodal
790,sub-19,11,0.088659035821973,0,0,transmodal
791,sub-19,11,0.2091718931620764,1,0,transmodal
792,sub-19,12,0.0792365249390516,0,1,unimodal
793,sub-19,12,0.2088050900905457,1,1,unimodal
794,sub-19,14,0.1131762861554227,0,0,transmodal
795,sub-19,14,0.5206756106953285,1,0,transmodal
796,sub-19,16,0.0803861413859531,0,1,unimodal
797,sub-19,16,0.723349485819739,1,1,unimodal
798,sub-19,17,0.0865096613457856,0,1,unimodal
799,sub-19,17,0.1168456983379339,1,1,unimodal
800,sub-19,18,0.0782384931903852,0,1,unimodal
801,sub-19,18,0.0822717829224809,1,1,unimodal
802,sub-19,21,0.082042348957927,0,1,unimodal
803,sub-19,21,0.388727866374254,1,1,unimodal
804,sub-19,22,0.0806562779490701,0,1,unimodal
805,sub-19,22,0.0932111627668215,1,1,unimodal
806,sub-19,26,0.2189660105031966,0,0,transmodal
807,sub-19,26,0.5936616194247131,1,0,transmodal
808,sub-19,28,0.8547916425019463,0,0,transmodal
809,sub-19,28,0.2951686910865821,1,0,transmodal
810,sub-19,29,0.4557970327413744,0,0,transmodal
811,sub-19,29,0.8192590843512392,1,0,transmodal
812,sub-19,32,0.2190619124429011,0,0,transmodal
813,sub-19,32,0.6814961616191113,1,0,transmodal
814,sub-19,34,0.0852284926048454,0,0,transmodal
815,sub-19,34,0.0289259877912398,1,0,transmodal
816,sub-19,35,0.0833211911259767,0,1,unimodal
817,sub-19,35,0.2514138710303797,1,1,unimodal
818,sub-19,37,0.0833972083033167,0,0,transmodal
819,sub-19,37,0.5944437962112499,1,0,transmodal
820,sub-19,40,0.0850005971649736,0,1,unimodal
821,sub-19,40,0.0867587062074728,1,1,unimodal
822,sub-19,44,0.2196134490712848,0,0,transmodal
823,sub-19,44,0.6206889426240791,1,0,transmodal
824,sub-19,45,0.0829899635766372,0,0,transmodal
825,sub-19,45,0.1164697792326395,1,0,transmodal
826,sub-19,47,0.0797830209263249,0,1,unimodal
827,sub-19,47,0.0812300489326179,1,1,unimodal
828,sub-19,49,0.0794681229233787,0,0,transmodal
829,sub-19,49,0.3938597807253363,1,0,transmodal
830,sub-19,50,0.0809854254331889,0,1,unimodal
831,sub-19,50,0.4474220938106986,1,1,unimodal
832,sub-19,52,0.08930409073362,0,1,unimodal
833,sub-19,52,0.1114481404670598,1,1,unimodal
834,sub-19,53,0.0261744687712812,0,1,unimodal
835,sub-19,53,0.0819900207336373,1,1,unimodal
836,sub-19,54,0.0821828565142376,0,1,unimodal
837,sub-19,54,0.0294901951952964,1,1,unimodal
838,sub-19,55,0.0790920714071895,0,1,unimodal
839,sub-19,55,0.102551167138226,1,1,unimodal
840,sub-19,56,0.048929480476011,0,0,transmodal
841,sub-19,56,0.084739061041666,1,0,transmodal
842,sub-19,58,0.399793526000038,0,0,transmodal
843,sub-19,58,0.3622411837182855,1,0,transmodal
844,sub-19,63,0.0773333011026283,0,0,transmodal
845,sub-19,63,0.7855919603028422,1,0,transmodal
846,sub-19,64,0.0849976165461948,0,0,transmodal
847,sub-19,64,1.0851251336289804,1,0,transmodal
848,sub-19,67,0.0812350582189875,0,0,transmodal
849,sub-19,67,0.4634512450127875,1,0,transmodal
850,sub-19,68,0.134703692572205,0,0,transmodal
851,sub-19,68,0.6444390192947292,1,0,transmodal
852,sub-19,69,0.1128858616742248,0,0,transmodal
853,sub-19,69,0.4876545031325384,1,0,transmodal
854,sub-19,72,0.0809498385545226,0,0,transmodal
855,sub-19,72,0.4110957333171474,1,0,transmodal
856,sub-19,73,0.0807045226469876,0,0,transmodal
857,sub-19,73,0.3416058237476244,1,0,transmodal
858,sub-19,78,0.0790452182160601,0,0,transmodal
859,sub-19,78,0.3555695879492598,1,0,transmodal
860,sub-19,82,0.0834584404529856,0,0,transmodal
861,sub-19,82,0.0990114398330856,1,0,transmodal
862,sub-19,83,0.4464905112883001,0,0,transmodal
863,sub-19,83,1.197881347804585,1,0,transmodal
864,sub-19,84,0.317134663944516,0,0,transmodal
865,sub-19,84,1.1919794824728642,1,0,transmodal
866,sub-19,85,0.5647632667315058,0,0,transmodal
867,sub-19,85,0.9197306022220542,1,0,transmodal
868,sub-19,87,0.4279058913360747,0,0,transmodal
869,sub-19,87,0.8855356376006341,1,0,transmodal
870,sub-19,92,0.0786811449078381,0,0,transmodal
871,sub-19,92,0.2659631230645672,1,0,transmodal
872,sub-19,93,0.0798779267438845,0,0,transmodal
873,sub-19,93,0.9435441566182956,1,0,transmodal
874,sub-19,95,0.092144870259695,0,0,transmodal
875,sub-19,95,0.5347543959956598,1,0,transmodal
876,sub-19,96,0.0293333008946555,0,0,transmodal
877,sub-19,96,0.3432805558470994,1,0,transmodal
878,sub-19,101,0.089778564039392,0,1,unimodal
879,sub-19,101,0.0770520126358441,1,1,unimodal
880,sub-19,103,0.0805872250987119,0,1,unimodal
881,sub-19,103,0.0800671556243582,1,1,unimodal
882,sub-19,106,0.0903412761832474,0,1,unimodal
883,sub-19,106,0.0828845892479209,1,1,unimodal
884,sub-19,107,0.3145649637433914,0,0,transmodal
885,sub-19,107,0.3740172203520481,1,0,transmodal
886,sub-19,108,0.0909003048275032,0,0,transmodal
887,sub-19,108,0.1048838477626011,1,0,transmodal
888,sub-19,114,0.0807078255027976,0,1,unimodal
889,sub-19,114,0.0799289275002679,1,1,unimodal
890,sub-19,116,0.0792979047377443,0,0,transmodal
891,sub-19,116,0.5102367372082063,1,0,transmodal
892,sub-19,117,0.0787218342613974,0,0,transmodal
893,sub-19,117,0.0810376674912871,1,0,transmodal
894,sub-19,120,0.0821612420960633,0,1,unimodal
895,sub-19,120,0.0861192202596707,1,1,unimodal
896,sub-19,121,0.0788938076357663,0,0,transmodal
897,sub-19,121,0.0822720135689746,1,0,transmodal
898,sub-19,122,0.0811902834061665,0,0,transmodal
899,sub-19,122,0.0803049462048813,1,0,transmodal
900,sub-19,125,0.0800517872769812,0,0,transmodal
901,sub-19,125,0.6773066642405449,1,0,transmodal
902,sub-19,128,0.0797151635526378,0,0,transmodal
903,sub-19,128,0.0792076817183711,1,0,transmodal
904,sub-19,134,0.0848104535444559,0,0,transmodal
905,sub-19,134,0.0825959800065219,1,0,transmodal
906,sub-19,135,0.0395485102616649,0,0,transmodal
907,sub-19,135,0.0804991593250343,1,0,transmodal
908,sub-19,136,0.0796150198770002,0,0,transmodal
909,sub-19,136,0.6971114643169126,1,0,transmodal
910,sub-19,138,0.0809818771020467,0,0,transmodal
911,sub-19,138,0.0796902135515359,1,0,transmodal
912,sub-19,140,0.0934717573155008,0,0,transmodal
913,sub-19,140,1.143394621216678,1,0,transmodal
914,sub-19,144,0.0805993572325029,0,0,transmodal
915,sub-19,144,0.5840820655895013,1,0,transmodal
916,sub-19,145,0.0778122640881214,0,0,transmodal
917,sub-19,145,0.8641243997533903,1,0,transmodal
918,sub-19,147,0.0853494044625539,0,0,transmodal
919,sub-19,147,0.5956239252468066,1,0,transmodal
920,sub-19,149,0.2633433414852932,0,0,transmodal
921,sub-19,149,0.6843666696995754,1,0,transmodal
922,sub-19,150,0.0334325783389595,0,0,transmodal
923,sub-19,150,0.8954682218484714,1,0,transmodal
924,sub-19,151,0.0407070439380365,0,1,unimodal
925,sub-19,151,0.2961740137234567,1,1,unimodal
926,sub-19,154,0.0813628767482346,0,0,transmodal
927,sub-19,154,0.2612610614817967,1,0,transmodal
928,sub-19,160,0.238255276756586,0,0,transmodal
929,sub-19,160,0.0515516933247623,1,0,transmodal
930,sub-19,161,0.0798848641625762,0,0,transmodal
931,sub-19,161,0.8239060616199407,1,0,transmodal
932,sub-19,165,0.0805857029268503,0,0,transmodal
933,sub-19,165,0.0821035739981655,1,0,transmodal
934,sub-19,168,0.0771277251903325,0,0,transmodal
935,sub-19,168,0.0832465952478915,1,0,transmodal
936,sub-19,170,0.0534659337134439,0,0,transmodal
937,sub-19,170,0.801047961922536,1,0,transmodal
938,sub-19,171,0.0817891449934874,0,0,transmodal
939,sub-19,171,0.0815354348574887,1,0,transmodal
940,sub-19,172,0.0801172738259544,0,1,unimodal
941,sub-19,172,0.0812387236994002,1,1,unimodal
942,sub-19,173,0.0793340803543553,0,1,unimodal
943,sub-19,173,0.0804904397468218,1,1,unimodal
944,sub-19,177,0.092805305523831,0,0,transmodal
945,sub-19,177,0.0837253453267484,1,0,transmodal
946,sub-19,181,0.0792325840111474,0,1,unimodal
947,sub-19,181,0.0824843313906452,1,1,unimodal
948,sub-19,182,0.082333931232162,0,1,unimodal
949,sub-19,182,0.2226570270982689,1,1,unimodal
950,sub-19,183,0.5073194181530634,0,1,unimodal
951,sub-19,183,0.4849886676594744,1,1,unimodal
952,sub-19,184,0.0794245177757604,0,1,unimodal
953,sub-19,184,0.5934310512540069,1,1,unimodal
954,sub-19,185,0.0819857094516036,0,1,unimodal
955,sub-19,185,0.5439546553230843,1,1,unimodal
956,sub-19,186,0.0810344782745127,0,1,unimodal
957,sub-19,186,0.2662403149220075,1,1,unimodal
958,sub-19,188,0.0890373272708564,0,1,unimodal
959,sub-19,188,0.0136228429741662,1,1,unimodal
960,sub-19,189,0.085748330347894,0,0,transmodal
961,sub-19,189,0.0873760508783501,1,0,transmodal
962,sub-19,191,0.0817154433426107,0,0,transmodal
963,sub-19,191,0.3693597424920893,1,0,transmodal
964,sub-19,194,0.7489480245519545,0,0,transmodal
965,sub-19,194,0.4941083159344051,1,0,transmodal
966,sub-19,197,0.0855267887171124,0,1,unimodal
967,sub-19,197,0.0837250330242519,1,1,unimodal
968,sub-19,200,0.0790880287835887,0,1,unimodal
969,sub-19,200,0.3868384454216343,1,1,unimodal
970,sub-19,201,0.536294081192621,0,1,unimodal
971,sub-19,201,0.230445217935367,1,1,unimodal
972,sub-19,202,0.3976983527199547,0,1,unimodal
973,sub-19,202,0.1253708866859037,1,1,unimodal
974,sub-19,206,0.0798157249009599,0,0,transmodal
975,sub-19,206,0.7534312076785747,1,0,transmodal
976,sub-19,207,0.0815635015414602,0,0,transmodal
977,sub-19,207,0.0862854682302379,1,0,transmodal
978,sub-19,208,0.3769454318433102,0,0,transmodal
979,sub-19,208,0.229842116589391,1,0,transmodal
980,sub-19,209,0.0212361463012113,0,0,transmodal
981,sub-19,209,0.8525422760848735,1,0,transmodal
982,sub-19,210,0.0868376232954701,0,0,transmodal
983,sub-19,210,0.7886434174216201,1,0,transmodal
984,sub-19,211,0.0780914644076726,0,0,transmodal
985,sub-19,211,0.0958051676320528,1,0,transmodal
986,sub-19,212,0.032598316789609,0,0,transmodal
987,sub-19,212,0.7273605089221902,1,0,transmodal
988,sub-19,216,0.0863774506930203,0,0,transmodal
989,sub-19,216,0.0799621862576079,1,0,transmodal
990,sub-19,218,0.0836423709816209,0,1,unimodal
991,sub-19,218,0.0933684854358774,1,1,unimodal
992,sub-19,219,0.0821116298391072,0,1,unimodal
993,sub-19,219,0.0824199055096588,1,1,unimodal
994,sub-19,220,0.0837180500898285,0,1,unimodal
995,sub-19,220,0.0908192832678333,1,1,unimodal
996,sub-19,222,0.0814594050816739,0,0,transmodal
997,sub-19,222,0.0828713137670324,1,0,transmodal
998,sub-19,224,0.5533826663999747,0,0,transmodal
999,sub-19,224,1.0018875295767722,1,0,transmodal
1000,sub-19,228,0.0788719594970759,0,1,unimodal
1001,sub-19,228,0.5781275469272432,1,1,unimodal
1002,sub-19,229,0.0150346714012965,0,0,transmodal
1003,sub-19,229,1.036728607948191,1,0,transmodal
1004,sub-19,232,0.0833839163706704,0,1,unimodal
1005,sub-19,232,0.2958990918034523,1,1,unimodal
1006,sub-19,233,0.0800400114328546,0,1,unimodal
1007,sub-19,233,0.1064676676258337,1,1,unimodal
1008,sub-19,235,0.0875966483486845,0,1,unimodal
1009,sub-19,235,0.081571240173057,1,1,unimodal
1010,sub-19,236,0.0842134689609987,0,0,transmodal
1011,sub-19,236,0.4325521795126699,1,0,transmodal
1012,sub-19,239,0.4619846686242702,0,0,transmodal
1013,sub-19,239,0.3908581435864459,1,0,transmodal
1014,sub-19,240,0.0850368300047717,0,0,transmodal
1015,sub-19,240,0.0946009940534675,1,0,transmodal
1016,sub-19,243,0.0798855687784674,0,0,transmodal
1017,sub-19,243,0.6104877146326562,1,0,transmodal
1018,sub-19,244,0.0803012501089033,0,0,transmodal
1019,sub-19,244,1.2661243413842298,1,0,transmodal
1020,sub-19,246,0.088446260822475,0,0,transmodal
1021,sub-19,246,0.7502441609869053,1,0,transmodal
1022,sub-19,250,0.0945484279153678,0,0,transmodal
1023,sub-19,250,0.0108922445145085,1,0,transmodal
1024,sub-19,259,0.082226893294354,0,0,transmodal
1025,sub-19,259,0.0821879229933453,1,0,transmodal
1026,sub-19,261,0.4299955828051148,0,0,transmodal
1027,sub-19,261,0.496058582697392,1,0,transmodal
1028,sub-19,263,0.3750295050796499,0,0,transmodal
1029,sub-19,263,1.0598155988857778,1,0,transmodal
1030,sub-19,266,0.6224148056887819,0,0,transmodal
1031,sub-19,266,0.5239746318384185,1,0,transmodal
1032,sub-19,271,0.0923325230149933,0,0,transmodal
1033,sub-19,271,0.5007145155695437,1,0,transmodal
1034,sub-19,273,0.0839788384055182,0,0,transmodal
1035,sub-19,273,0.0989094699100166,1,0,transmodal
1036,sub-19,275,0.0836362688195937,0,0,transmodal
1037,sub-19,275,0.0827894890507097,1,0,transmodal
1038,sub-19,276,0.0817628661578835,0,0,transmodal
1039,sub-19,276,0.0831630738180066,1,0,transmodal
1040,sub-19,278,0.0793500002947173,0,0,transmodal
1041,sub-19,278,0.0799537208789609,1,0,transmodal
1042,sub-19,279,0.0844321763659244,0,1,unimodal
1043,sub-19,279,0.3459294837430682,1,1,unimodal
1044,sub-19,283,0.0850931337777536,0,1,unimodal
1045,sub-19,283,0.0408597761094292,1,1,unimodal
1046,sub-19,285,0.0790035910938478,0,0,transmodal
1047,sub-19,285,0.0806119941608055,1,0,transmodal
1048,sub-19,289,0.0791643069053548,0,0,transmodal
1049,sub-19,289,0.0818003638671044,1,0,transmodal
1050,sub-19,290,0.0797781346690299,0,0,transmodal
1051,sub-19,290,0.081504899219419,1,0,transmodal
1052,sub-19,291,0.0802307912022276,0,0,transmodal
1053,sub-19,291,0.0929779759932223,1,0,transmodal
1054,sub-19,292,0.0791557898478606,0,0,transmodal
1055,sub-19,292,0.0834998721177346,1,0,transmodal
1056,sub-19,295,0.0237319517694968,0,0,transmodal
1057,sub-19,295,0.080568810069097,1,0,transmodal
1058,sub-19,296,0.0810285672911407,0,0,transmodal
1059,sub-19,296,0.1196311426455414,1,0,transmodal
1060,sub-19,297,0.0804358869747642,0,0,transmodal
1061,sub-19,297,0.0784661166975488,1,0,transmodal
1062,sub-19,299,0.0789612303239712,0,0,transmodal
1063,sub-19,299,0.0802330083117784,1,0,transmodal
1064,sub-19,301,0.0821344314303043,0,0,transmodal
1065,sub-19,301,0.0796833073685053,1,0,transmodal
1066,sub-19,302,0.0887347315753466,0,0,transmodal
1067,sub-19,302,0.0844826487386569,1,0,transmodal
1068,sub-19,305,0.0806624681694102,0,0,transmodal
1069,sub-19,305,0.0512057007366952,1,0,transmodal
1070,sub-19,306,0.0383361077754571,0,0,transmodal
1071,sub-19,306,0.0804590086816939,1,0,transmodal
1072,sub-19,307,0.0797343364252669,0,0,transmodal
1073,sub-19,307,0.0873637103480181,1,0,transmodal
1074,sub-19,308,0.0839152652731742,0,0,transmodal
1075,sub-19,308,0.0883659991172683,1,0,transmodal
1076,sub-19,310,0.2913414217798455,0,0,transmodal
1077,sub-19,310,0.0830349387422675,1,0,transmodal
1078,sub-19,312,0.3176935985261981,0,0,transmodal
1079,sub-19,312,0.6847587465768998,1,0,transmodal
1080,sub-19,314,0.0807294058426105,0,0,transmodal
1081,sub-19,314,0.0811949517576458,1,0,transmodal
1082,sub-19,317,0.0841788426578516,0,1,unimodal
1083,sub-19,317,0.5996669803139141,1,1,unimodal
1084,sub-19,327,0.3083913807631839,0,0,transmodal
1085,sub-19,327,1.1689526847323242,1,0,transmodal
1086,sub-19,329,0.1968519461122523,0,0,transmodal
1087,sub-19,329,0.8874330651034921,1,0,transmodal
1088,sub-19,331,0.0824018482995717,0,1,unimodal
1089,sub-19,331,0.0809366193314411,1,1,unimodal
1090,sub-19,332,0.0807206792995029,0,1,unimodal
1091,sub-19,332,0.1044901320665919,1,1,unimodal
1092,sub-19,335,0.0866193257183968,0,1,unimodal
1093,sub-19,335,0.2050297385848833,1,1,unimodal
1094,sub-19,339,0.0875681341714142,0,1,unimodal
1095,sub-19,339,0.0160154780315386,1,1,unimodal
1096,sub-19,340,0.0490000102834617,0,0,transmodal
1097,sub-19,340,0.8143029066361579,1,0,transmodal
1098,sub-19,342,0.0808407539882733,0,1,unimodal
1099,sub-19,342,0.2903406304622453,1,1,unimodal
1100,sub-19,345,0.0800123850693716,0,0,transmodal
1101,sub-19,345,0.1205013048428473,1,0,transmodal
1102,sub-19,347,0.0702061315989654,0,1,unimodal
1103,sub-19,347,0.0792177510298383,1,1,unimodal
1104,sub-19,350,0.0865688964264486,0,0,transmodal
1105,sub-19,350,0.1131150681699948,1,0,transmodal
1106,sub-19,352,0.0792236118674208,0,1,unimodal
1107,sub-19,352,0.079881635446168,1,1,unimodal
1108,sub-19,353,0.0835417142522505,0,1,unimodal
1109,sub-19,353,0.0112819611615936,1,1,unimodal
1110,sub-19,354,0.5060667337409019,0,1,unimodal
1111,sub-19,354,0.9749885892880104,1,1,unimodal
1112,sub-20,0,0.7120639527201063,0,1,unimodal
1113,sub-20,0,0.3774534732027254,1,1,unimodal
1114,sub-20,3,0.8510125239824535,0,1,unimodal
1115,sub-20,3,0.2405305949946166,1,1,unimodal
1116,sub-20,4,0.7512030889822008,0,1,unimodal
1117,sub-20,4,0.4288528274978765,1,1,unimodal
1118,sub-20,6,0.4598064183573477,0,1,unimodal
1119,sub-20,6,0.0872769312825409,1,1,unimodal
1120,sub-20,7,0.7560365478812306,0,1,unimodal
1121,sub-20,7,0.327922009652212,1,1,unimodal
1122,sub-20,8,0.0244929708923965,0,1,unimodal
1123,sub-20,8,0.5782980981315445,1,1,unimodal
1124,sub-20,9,0.0390163851616241,0,0,transmodal
1125,sub-20,9,0.0834487799064255,1,0,transmodal
1126,sub-20,11,0.7206363922431577,0,0,transmodal
1127,sub-20,11,0.310275261611152,1,0,transmodal
1128,sub-20,12,0.0553762982017416,0,1,unimodal
1129,sub-20,12,0.3222759514914343,1,1,unimodal
1130,sub-20,13,0.7623826159978259,0,0,transmodal
1131,sub-20,13,0.0794167891378485,1,0,transmodal
1132,sub-20,14,0.7469460861907466,0,0,transmodal
1133,sub-20,14,0.0802036728228578,1,0,transmodal
1134,sub-20,15,0.827328128793469,0,1,unimodal
1135,sub-20,15,0.0858052713382736,1,1,unimodal
1136,sub-20,18,0.020600413254368,0,1,unimodal
1137,sub-20,18,0.0796004592625058,1,1,unimodal
1138,sub-20,19,0.0437771014897816,0,1,unimodal
1139,sub-20,19,0.0813165345911774,1,1,unimodal
1140,sub-20,21,0.3393954011508747,0,1,unimodal
1141,sub-20,21,0.0813312405427794,1,1,unimodal
1142,sub-20,22,0.3799523160506939,0,1,unimodal
1143,sub-20,22,0.0797977727727524,1,1,unimodal
1144,sub-20,25,1.025622289223396,0,0,transmodal
1145,sub-20,25,0.0849061093641023,1,0,transmodal
1146,sub-20,28,0.3037667177254374,0,0,transmodal
1147,sub-20,28,0.2033165082025159,1,0,transmodal
1148,sub-20,30,0.4042627415954151,0,0,transmodal
1149,sub-20,30,0.3522576354553773,1,0,transmodal
1150,sub-20,35,0.1179230411967467,0,1,unimodal
1151,sub-20,35,0.0189390155121076,1,1,unimodal
1152,sub-20,36,0.0782389590279401,0,0,transmodal
1153,sub-20,36,0.0809382789980204,1,0,transmodal
1154,sub-20,37,0.0796283231517104,0,0,transmodal
1155,sub-20,37,0.0821945861331942,1,0,transmodal
1156,sub-20,38,0.1127393260455727,0,1,unimodal
1157,sub-20,38,0.0789789740787564,1,1,unimodal
1158,sub-20,45,1.2346753867820102,0,0,transmodal
1159,sub-20,45,0.4432111587848392,1,0,transmodal
1160,sub-20,47,0.7130450607935859,0,1,unimodal
1161,sub-20,47,0.3082598852077776,1,1,unimodal
1162,sub-20,49,0.625413285972217,0,0,transmodal
1163,sub-20,49,0.0904087951491071,1,0,transmodal
1164,sub-20,50,0.5845968265760275,0,1,unimodal
1165,sub-20,50,0.087095126492899,1,1,unimodal
1166,sub-20,51,0.736989675379457,0,1,unimodal
1167,sub-20,51,0.0827823842546957,1,1,unimodal
1168,sub-20,52,0.7630968039539567,0,1,unimodal
1169,sub-20,52,0.1292271711670467,1,1,unimodal
1170,sub-20,54,0.0601742666780377,0,1,unimodal
1171,sub-20,54,0.0892822684217424,1,1,unimodal
1172,sub-20,55,0.0903520112787074,0,1,unimodal
1173,sub-20,55,0.0785043049125565,1,1,unimodal
1174,sub-20,59,0.0786963212598183,0,0,transmodal
1175,sub-20,59,0.2195090410153581,1,0,transmodal
1176,sub-20,64,0.0469805141306189,0,0,transmodal
1177,sub-20,64,0.1241545826245862,1,0,transmodal
1178,sub-20,65,0.0823033536448454,0,0,transmodal
1179,sub-20,65,0.0965999183302282,1,0,transmodal
1180,sub-20,70,0.2040352032758937,0,0,transmodal
1181,sub-20,70,0.0934678833545957,1,0,transmodal
1182,sub-20,72,0.046267953976707,0,0,transmodal
1183,sub-20,72,0.0101078099395326,1,0,transmodal
1184,sub-20,73,0.874396511746254,0,0,transmodal
1185,sub-20,73,0.1145116333310067,1,0,transmodal
1186,sub-20,74,0.5425414152660601,0,0,transmodal
1187,sub-20,74,0.1226056510387297,1,0,transmodal
1188,sub-20,79,0.083561637078966,0,0,transmodal
1189,sub-20,79,0.0789415650276101,1,0,transmodal
1190,sub-20,80,0.3305237795739642,0,0,transmodal
1191,sub-20,80,0.0370478750729352,1,0,transmodal
1192,sub-20,82,0.874785685198002,0,0,transmodal
1193,sub-20,82,0.4860703156933709,1,0,transmodal
1194,sub-20,83,0.9995983612852304,0,0,transmodal
1195,sub-20,83,0.1021066829971541,1,0,transmodal
1196,sub-20,84,0.4421053220181777,0,0,transmodal
1197,sub-20,84,0.2614537962452414,1,0,transmodal
1198,sub-20,88,0.3681279367148615,0,0,transmodal
1199,sub-20,88,0.4194961789520294,1,0,transmodal
1200,sub-20,90,0.0806280300013831,0,0,transmodal
1201,sub-20,90,0.2660393808738395,1,0,transmodal
1202,sub-20,91,0.1127189957291189,0,0,transmodal
1203,sub-20,91,0.0404097594538316,1,0,transmodal
1204,sub-20,95,0.6139312060782053,0,0,transmodal
1205,sub-20,95,0.0840796792323629,1,0,transmodal
1206,sub-20,101,0.4053164924857705,0,1,unimodal
1207,sub-20,101,0.0822804564852487,1,1,unimodal
1208,sub-20,102,0.1180189716377106,0,1,unimodal
1209,sub-20,102,0.080958735530722,1,1,unimodal
1210,sub-20,106,0.0400533188526585,0,1,unimodal
1211,sub-20,106,0.0967091310977839,1,1,unimodal
1212,sub-20,107,0.0872036457061769,0,0,transmodal
1213,sub-20,107,0.0913910556414061,1,0,transmodal
1214,sub-20,108,0.0809661917459624,0,0,transmodal
1215,sub-20,108,0.0834058133023888,1,0,transmodal
1216,sub-20,109,0.0861989432002602,0,0,transmodal
1217,sub-20,109,0.0826678551313818,1,0,transmodal
1218,sub-20,110,0.0787278711042624,0,0,transmodal
1219,sub-20,110,0.0796888862965465,1,0,transmodal
1220,sub-20,111,0.0548862012677039,0,0,transmodal
1221,sub-20,111,0.0795115162227675,1,0,transmodal
1222,sub-20,115,0.1963497369372474,0,0,transmodal
1223,sub-20,115,0.0284956607663087,1,0,transmodal
1224,sub-20,117,0.0810872754655084,0,0,transmodal
1225,sub-20,117,0.0775033712200945,1,0,transmodal
1226,sub-20,119,0.0820373968253197,0,0,transmodal
1227,sub-20,119,0.0810503484822782,1,0,transmodal
1228,sub-20,122,0.1111724387090982,0,0,transmodal
1229,sub-20,122,0.5280731358928351,1,0,transmodal
1230,sub-20,124,0.4152205750195499,0,0,transmodal
1231,sub-20,124,0.5155202647381649,1,0,transmodal
1232,sub-20,125,0.0778959051392862,0,0,transmodal
1233,sub-20,125,0.0905700826392697,1,0,transmodal
1234,sub-20,126,0.0791074292100882,0,0,transmodal
1235,sub-20,126,0.0852925176410986,1,0,transmodal
1236,sub-20,127,0.1046705325247145,0,0,transmodal
1237,sub-20,127,0.0854318466449003,1,0,transmodal
1238,sub-20,131,0.0234967816881005,0,0,transmodal
1239,sub-20,131,0.4593571573599009,1,0,transmodal
1240,sub-20,133,0.2273171390112802,0,0,transmodal
1241,sub-20,133,0.08480280694457,1,0,transmodal
1242,sub-20,134,0.0333104667516506,0,0,transmodal
1243,sub-20,134,0.1084526321839982,1,0,transmodal
1244,sub-20,136,0.3460724397463058,0,0,transmodal
1245,sub-20,136,0.1033826143918026,1,0,transmodal
1246,sub-20,138,0.0297253055781011,0,0,transmodal
1247,sub-20,138,0.0123696283039129,1,0,transmodal
1248,sub-20,140,0.1164416838263342,0,0,transmodal
1249,sub-20,140,0.0786211618687034,1,0,transmodal
1250,sub-20,145,0.724988069744304,0,0,transmodal
1251,sub-20,145,0.079578323438704,1,0,transmodal
1252,sub-20,146,0.0950626506463156,0,0,transmodal
1253,sub-20,146,0.0879198810630428,1,0,transmodal
1254,sub-20,147,0.0535284461716878,0,0,transmodal
1255,sub-20,147,0.08708134869689,1,0,transmodal
1256,sub-20,148,0.7308185112223442,0,0,transmodal
1257,sub-20,148,0.3575399296474532,1,0,transmodal
1258,sub-20,150,1.0014322630575048,0,0,transmodal
1259,sub-20,150,0.4395650307980196,1,0,transmodal
1260,sub-20,151,0.8786903757824627,0,1,unimodal
1261,sub-20,151,0.0795006291399298,1,1,unimodal
1262,sub-20,152,0.084961617720634,0,1,unimodal
1263,sub-20,152,0.0328045360734061,1,1,unimodal
1264,sub-20,153,0.0280297732555173,0,1,unimodal
1265,sub-20,153,0.080164803106804,1,1,unimodal
1266,sub-20,154,0.0791359157062935,0,0,transmodal
1267,sub-20,154,0.0799575768420716,1,0,transmodal
1268,sub-20,155,0.6754796639598095,0,1,unimodal
1269,sub-20,155,0.0801912103018133,1,1,unimodal
1270,sub-20,158,0.471326912070944,0,1,unimodal
1271,sub-20,158,0.0788130271644122,1,1,unimodal
1272,sub-20,159,0.0831746250543409,0,1,unimodal
1273,sub-20,159,0.0795607681733875,1,1,unimodal
1274,sub-20,160,0.1192935232995923,0,0,transmodal
1275,sub-20,160,0.3820316156282051,1,0,transmodal
1276,sub-20,161,0.2670050466205209,0,0,transmodal
1277,sub-20,161,0.090138211031149,1,0,transmodal
1278,sub-20,162,0.0438022084111158,0,1,unimodal
1279,sub-20,162,0.0898808679348239,1,1,unimodal
1280,sub-20,164,0.2630411624546476,0,0,transmodal
1281,sub-20,164,0.081812496526081,1,0,transmodal
1282,sub-20,165,0.0856728214075146,0,0,transmodal
1283,sub-20,165,0.0800857794906385,1,0,transmodal
1284,sub-20,167,0.4045750660904163,0,1,unimodal
1285,sub-20,167,0.085395382043796,1,1,unimodal
1286,sub-20,168,0.0811455668504569,0,0,transmodal
1287,sub-20,168,0.0804505793387875,1,0,transmodal
1288,sub-20,169,0.8131061894966705,0,0,transmodal
1289,sub-20,169,0.3386978761343762,1,0,transmodal
1290,sub-20,170,0.5255582774177346,0,0,transmodal
1291,sub-20,170,0.3716807499870039,1,0,transmodal
1292,sub-20,171,0.0822376264700234,0,0,transmodal
1293,sub-20,171,0.0811267618160446,1,0,transmodal
1294,sub-20,174,0.0515624326712738,0,1,unimodal
1295,sub-20,174,0.4087760540491986,1,1,unimodal
1296,sub-20,178,0.0819679269572581,0,0,transmodal
1297,sub-20,178,0.0836618439580201,1,0,transmodal
1298,sub-20,180,0.6644431420437779,0,1,unimodal
1299,sub-20,180,0.5868179548708315,1,1,unimodal
1300,sub-20,181,0.1179997939357544,0,1,unimodal
1301,sub-20,181,0.0351572157271039,1,1,unimodal
1302,sub-20,183,0.7658903469333626,0,1,unimodal
1303,sub-20,183,0.3274720772974598,1,1,unimodal
1304,sub-20,186,0.0953227012996919,0,1,unimodal
1305,sub-20,186,0.0783402454436875,1,1,unimodal
1306,sub-20,187,0.9174572839955628,0,1,unimodal
1307,sub-20,187,0.1154128611036547,1,1,unimodal
1308,sub-20,188,0.7814267940911943,0,1,unimodal
1309,sub-20,188,0.1743118011781989,1,1,unimodal
1310,sub-20,191,0.3885091756829861,0,0,transmodal
1311,sub-20,191,0.0852202868137434,1,0,transmodal
1312,sub-20,192,0.0219066712528733,0,1,unimodal
1313,sub-20,192,0.0793380161000586,1,1,unimodal
1314,sub-20,193,0.6304585025478942,0,0,transmodal
1315,sub-20,193,0.08355539466305,1,0,transmodal
1316,sub-20,196,0.4351517987518231,0,1,unimodal
1317,sub-20,196,0.6349070441694433,1,1,unimodal
1318,sub-20,198,0.0922243284501952,0,1,unimodal
1319,sub-20,198,0.087778059496942,1,1,unimodal
1320,sub-20,199,0.4364835188681435,0,1,unimodal
1321,sub-20,199,0.0853898341981441,1,1,unimodal
1322,sub-20,200,0.3408151484732958,0,1,unimodal
1323,sub-20,200,0.0797430112283109,1,1,unimodal
1324,sub-20,201,0.5142853545815159,0,1,unimodal
1325,sub-20,201,0.08153023461516,1,1,unimodal
1326,sub-20,202,0.7649285555085893,0,1,unimodal
1327,sub-20,202,0.0803164047292264,1,1,unimodal
1328,sub-20,203,0.0801711154059239,0,1,unimodal
1329,sub-20,203,0.0797271317427051,1,1,unimodal
1330,sub-20,204,0.2260133736600973,0,0,transmodal
1331,sub-20,204,0.0372523742152069,1,0,transmodal
1332,sub-20,205,0.8090618523357328,0,0,transmodal
1333,sub-20,205,0.0786713102575507,1,0,transmodal
1334,sub-20,207,0.8105530826440923,0,0,transmodal
1335,sub-20,207,0.0837351364586478,1,0,transmodal
1336,sub-20,210,0.0886768539470115,0,0,transmodal
1337,sub-20,210,0.016510792626034,1,0,transmodal
1338,sub-20,211,0.092557764041345,0,0,transmodal
1339,sub-20,211,0.0782846527970794,1,0,transmodal
1340,sub-20,214,0.3719748599057256,0,0,transmodal
1341,sub-20,214,0.0524243098872327,1,0,transmodal
1342,sub-20,215,0.3245411138726135,0,1,unimodal
1343,sub-20,215,0.1754501911061287,1,1,unimodal
1344,sub-20,219,0.7043498562738756,0,1,unimodal
1345,sub-20,219,0.0804936971159107,1,1,unimodal
1346,sub-20,220,0.0850250650337043,0,1,unimodal
1347,sub-20,220,0.236409743592571,1,1,unimodal
1348,sub-20,225,0.4636365204632986,0,0,transmodal
1349,sub-20,225,0.4859781347590049,1,0,transmodal
1350,sub-20,228,0.9409943689725656,0,1,unimodal
1351,sub-20,228,0.0804415848227138,1,1,unimodal
1352,sub-20,229,0.5936050185365879,0,0,transmodal
1353,sub-20,229,0.3690589160814748,1,0,transmodal
1354,sub-20,230,1.0681758882262136,0,1,unimodal
1355,sub-20,230,0.1296457862641076,1,1,unimodal
1356,sub-20,231,1.090015590034883,0,1,unimodal
1357,sub-20,231,0.0886888639965916,1,1,unimodal
1358,sub-20,233,0.7758558766236333,0,1,unimodal
1359,sub-20,233,0.0879442778175859,1,1,unimodal
1360,sub-20,234,0.6307034230806823,0,1,unimodal
1361,sub-20,234,0.0786836241774527,1,1,unimodal
1362,sub-20,235,0.3707807774524817,0,1,unimodal
1363,sub-20,235,0.0920654744171529,1,1,unimodal
1364,sub-20,236,0.0879602138284414,0,0,transmodal
1365,sub-20,236,0.1030066956398642,1,0,transmodal
1366,sub-20,237,0.0837023474279373,0,0,transmodal
1367,sub-20,237,0.084782849518323,1,0,transmodal
1368,sub-20,238,0.1042287830201908,0,0,transmodal
1369,sub-20,238,0.1686635285859805,1,0,transmodal
1370,sub-20,241,0.090265074450867,0,0,transmodal
1371,sub-20,241,0.0816402531298584,1,0,transmodal
1372,sub-20,246,0.8570294196909795,0,0,transmodal
1373,sub-20,246,0.1867439203614298,1,0,transmodal
1374,sub-20,247,0.3759233359292415,0,0,transmodal
1375,sub-20,247,0.0816766555365706,1,0,transmodal
1376,sub-20,251,0.4364815437643112,0,0,transmodal
1377,sub-20,251,0.0860604434273103,1,0,transmodal
1378,sub-20,252,0.964002283260072,0,0,transmodal
1379,sub-20,252,0.4347744582344586,1,0,transmodal
1380,sub-20,255,0.4697873752312108,0,0,transmodal
1381,sub-20,255,0.0861627532931375,1,0,transmodal
1382,sub-20,257,0.1731010340745991,0,0,transmodal
1383,sub-20,257,0.3132627423827509,1,0,transmodal
1384,sub-20,258,0.4899208488934361,0,0,transmodal
1385,sub-20,258,0.082122845458283,1,0,transmodal
1386,sub-20,259,0.0840153237516593,0,0,transmodal
1387,sub-20,259,0.0841764939196591,1,0,transmodal
1388,sub-20,260,0.4788465160402757,0,0,transmodal
1389,sub-20,260,0.3257870319824906,1,0,transmodal
1390,sub-20,262,0.8162229020676199,0,0,transmodal
1391,sub-20,262,0.5323823976181287,1,0,transmodal
1392,sub-20,263,0.7838320026451024,0,0,transmodal
1393,sub-20,263,0.4442513508724432,1,0,transmodal
1394,sub-20,264,0.9354016670778764,0,0,transmodal
1395,sub-20,264,0.1183507801566522,1,0,transmodal
1396,sub-20,265,0.4318834760975241,0,0,transmodal
1397,sub-20,265,0.0971906646146758,1,0,transmodal
1398,sub-20,266,0.5482900998725837,0,0,transmodal
1399,sub-20,266,0.2625456142494028,1,0,transmodal
1400,sub-20,268,0.1652367704614505,0,0,transmodal
1401,sub-20,268,0.09774082907516,1,0,transmodal
1402,sub-20,269,0.5307370593723053,0,0,transmodal
1403,sub-20,269,0.0852824771642248,1,0,transmodal
1404,sub-20,270,0.0868009370707259,0,0,transmodal
1405,sub-20,270,0.0849440296340914,1,0,transmodal
1406,sub-20,273,0.2751051166407589,0,0,transmodal
1407,sub-20,273,0.0818562497185615,1,0,transmodal
1408,sub-20,274,0.8310443750500738,0,0,transmodal
1409,sub-20,274,0.2163248976824903,1,0,transmodal
1410,sub-20,275,0.3091266045370919,0,0,transmodal
1411,sub-20,275,0.0843995419925477,1,0,transmodal
1412,sub-20,277,0.6689307113059297,0,0,transmodal
1413,sub-20,277,0.1215630621364309,1,0,transmodal
1414,sub-20,286,0.2105162447891207,0,1,unimodal
1415,sub-20,286,0.0814243878542769,1,1,unimodal
1416,sub-20,294,0.0797662831299298,0,1,unimodal
1417,sub-20,294,0.0785499999316394,1,1,unimodal
1418,sub-20,295,0.8037277257658515,0,0,transmodal
1419,sub-20,295,0.0792271092744745,1,0,transmodal
1420,sub-20,300,0.4614062424083411,0,1,unimodal
1421,sub-20,300,0.0804357157548747,1,1,unimodal
1422,sub-20,302,0.4618115698521735,0,0,transmodal
1423,sub-20,302,0.0806262433527379,1,0,transmodal
1424,sub-20,305,0.3497884849832027,0,0,transmodal
1425,sub-20,305,0.0817772845836705,1,0,transmodal
1426,sub-20,306,0.0821641992135878,0,0,transmodal
1427,sub-20,306,0.0824459636987023,1,0,transmodal
1428,sub-20,315,0.0818441743578454,0,0,transmodal
1429,sub-20,315,0.0798465318963799,1,0,transmodal
1430,sub-20,317,0.5008499204537732,0,1,unimodal
1431,sub-20,317,0.0876226603517967,1,1,unimodal
1432,sub-20,318,0.3036482469857085,0,0,transmodal
1433,sub-20,318,0.0847588647180143,1,0,transmodal
1434,sub-20,320,0.4172321976803955,0,0,transmodal
1435,sub-20,320,0.0872407635201265,1,0,transmodal
1436,sub-20,324,0.4803769404745385,0,0,transmodal
1437,sub-20,324,0.3715274760620473,1,0,transmodal
1438,sub-20,325,0.2823963992399117,0,0,transmodal
1439,sub-20,325,0.0985317647521055,1,0,transmodal
1440,sub-20,326,1.1782898277519895,0,0,transmodal
1441,sub-20,326,0.1035193860004763,1,0,transmodal
1442,sub-20,327,0.4777187134205307,0,0,transmodal
1443,sub-20,327,0.0150719062702807,1,0,transmodal
1444,sub-20,328,0.8172006168264162,0,0,transmodal
1445,sub-20,328,0.120180002822931,1,0,transmodal
1446,sub-20,330,0.9469203964273674,0,0,transmodal
1447,sub-20,330,0.2494891253775556,1,0,transmodal
1448,sub-20,331,0.5112432318295702,0,1,unimodal
1449,sub-20,331,0.0809069936280128,1,1,unimodal
1450,sub-20,332,0.0786648248534245,0,1,unimodal
1451,sub-20,332,0.0779820396133914,1,1,unimodal
1452,sub-20,336,0.2750705482941509,0,1,unimodal
1453,sub-20,336,0.1268447775882357,1,1,unimodal
1454,sub-20,337,0.9639394805848838,0,1,unimodal
1455,sub-20,337,0.0830443371483928,1,1,unimodal
1456,sub-20,345,0.0862507962538622,0,0,transmodal
1457,sub-20,345,0.0799649349439852,1,0,transmodal
1458,sub-20,346,0.5819988885688387,0,0,transmodal
1459,sub-20,346,0.4584429566006193,1,0,transmodal
1460,sub-20,349,0.9013155326941256,0,0,transmodal
1461,sub-20,349,0.3682605840872541,1,0,transmodal
1462,sub-20,350,0.7291034970977082,0,0,transmodal
1463,sub-20,350,0.0912150878329662,1,0,transmodal
1464,sub-20,351,0.5148440343408831,0,0,transmodal
1465,sub-20,351,0.0824318148812603,1,0,transmodal
1466,sub-20,354,0.1565411224715106,0,1,unimodal
1467,sub-20,354,0.5397587280322854,1,1,unimodal
1468,sub-20,357,0.0829684783408111,0,0,transmodal
1469,sub-20,357,0.5482716819835246,1,0,transmodal
1470,sub-20,358,0.0847463521401072,0,0,transmodal
1471,sub-20,358,0.0842531249391023,1,0,transmodal
1472,sub-23,0,0.4538281682796687,0,1,unimodal
1473,sub-23,0,0.0994140116078952,1,1,unimodal
1474,sub-23,1,0.0813441425238471,0,1,unimodal
1475,sub-23,1,0.0832572257632902,1,1,unimodal
1476,sub-23,3,0.5843789553457558,0,1,unimodal
1477,sub-23,3,0.0848171437303688,1,1,unimodal
1478,sub-23,4,0.2791260869209667,0,1,unimodal
1479,sub-23,4,0.3765478310144653,1,1,unimodal
1480,sub-23,5,0.0834834004914968,0,1,unimodal
1481,sub-23,5,0.657401902356675,1,1,unimodal
1482,sub-23,10,0.0840303644515557,0,0,transmodal
1483,sub-23,10,0.0794740883813415,1,0,transmodal
1484,sub-23,12,0.2114884904138646,0,1,unimodal
1485,sub-23,12,0.0961851105548545,1,1,unimodal
1486,sub-23,13,0.392245649912503,0,0,transmodal
1487,sub-23,13,0.423577676465085,1,0,transmodal
1488,sub-23,14,0.4311203999089338,0,0,transmodal
1489,sub-23,14,0.6376218610053758,1,0,transmodal
1490,sub-23,16,0.0798794798387266,0,1,unimodal
1491,sub-23,16,0.1005011121089454,1,1,unimodal
1492,sub-23,17,0.350480489049782,0,1,unimodal
1493,sub-23,17,0.0369478694394532,1,1,unimodal
1494,sub-23,21,0.0795315052538709,0,1,unimodal
1495,sub-23,21,0.0967661305622909,1,1,unimodal
1496,sub-23,22,0.0847023513480853,0,1,unimodal
1497,sub-23,22,0.0798458509289847,1,1,unimodal
1498,sub-23,24,0.0787987726817532,0,0,transmodal
1499,sub-23,24,0.3401693205042939,1,0,transmodal
1500,sub-23,25,0.0828798028464839,0,0,transmodal
1501,sub-23,25,0.0823693137764245,1,0,transmodal
1502,sub-23,26,0.0820231447733916,0,0,transmodal
1503,sub-23,26,0.5681395020978929,1,0,transmodal
1504,sub-23,28,0.2215350881392321,0,0,transmodal
1505,sub-23,28,0.3893032153824739,1,0,transmodal
1506,sub-23,29,0.1021272137975816,0,0,transmodal
1507,sub-23,29,0.4456860932590391,1,0,transmodal
1508,sub-23,30,0.0865598748372687,0,0,transmodal
1509,sub-23,30,0.1567432379778855,1,0,transmodal
1510,sub-23,31,0.0778563946199565,0,0,transmodal
1511,sub-23,31,0.0822450194859036,1,0,transmodal
1512,sub-23,32,0.0902829864377149,0,0,transmodal
1513,sub-23,32,0.3782688669713556,1,0,transmodal
1514,sub-23,33,0.2623528651121433,0,0,transmodal
1515,sub-23,33,0.4936157108811361,1,0,transmodal
1516,sub-23,34,0.0987043084146996,0,0,transmodal
1517,sub-23,34,0.5464990839309015,1,0,transmodal
1518,sub-23,38,0.0911001583777059,0,1,unimodal
1519,sub-23,38,0.2333456308591751,1,1,unimodal
1520,sub-23,39,0.0791797983249553,0,1,unimodal
1521,sub-23,39,0.3820633907215602,1,1,unimodal
1522,sub-23,44,0.2986162006758168,0,0,transmodal
1523,sub-23,44,0.7414115878458446,1,0,transmodal
1524,sub-23,45,0.0979289092940578,0,0,transmodal
1525,sub-23,45,0.6685924557179749,1,0,transmodal
1526,sub-23,46,0.0814915359971223,0,1,unimodal
1527,sub-23,46,0.0809293817848668,1,1,unimodal
1528,sub-23,47,0.0203878374502164,0,1,unimodal
1529,sub-23,47,0.0801835885169249,1,1,unimodal
1530,sub-23,49,0.0921086515285914,0,0,transmodal
1531,sub-23,49,0.3039094641297815,1,0,transmodal
1532,sub-23,57,0.0814612419548587,0,0,transmodal
1533,sub-23,57,0.0794844519410017,1,0,transmodal
1534,sub-23,60,0.0811549467124653,0,0,transmodal
1535,sub-23,60,0.4237945215171017,1,0,transmodal
1536,sub-23,62,0.0796619591340867,0,0,transmodal
1537,sub-23,62,0.0852485889971906,1,0,transmodal
1538,sub-23,63,0.0849422732878608,0,0,transmodal
1539,sub-23,63,0.8508857431212814,1,0,transmodal
1540,sub-23,64,0.0832455318632607,0,0,transmodal
1541,sub-23,64,0.1052903188701445,1,0,transmodal
1542,sub-23,67,0.0838047866695184,0,0,transmodal
1543,sub-23,67,0.0468962646180972,1,0,transmodal
1544,sub-23,68,0.0790027548596819,0,0,transmodal
1545,sub-23,68,0.4612023894701179,1,0,transmodal
1546,sub-23,70,0.0849615301268439,0,0,transmodal
1547,sub-23,70,0.4199829137872315,1,0,transmodal
1548,sub-23,80,0.0833658771789023,0,0,transmodal
1549,sub-23,80,0.2054717584402277,1,0,transmodal
1550,sub-23,84,0.183562083599145,0,0,transmodal
1551,sub-23,84,0.3131081503633021,1,0,transmodal
1552,sub-23,86,0.0851665194098394,0,0,transmodal
1553,sub-23,86,0.7759244383284319,1,0,transmodal
1554,sub-23,87,0.0909752560128124,0,0,transmodal
1555,sub-23,87,0.4174448011332962,1,0,transmodal
1556,sub-23,93,0.0799655637529461,0,0,transmodal
1557,sub-23,93,0.0861921406462503,1,0,transmodal
1558,sub-23,100,0.0794223253284982,0,1,unimodal
1559,sub-23,100,0.0805286150131199,1,1,unimodal
1560,sub-23,102,0.0797028164058641,0,1,unimodal
1561,sub-23,102,0.0811993595480718,1,1,unimodal
1562,sub-23,107,0.0838741373956887,0,0,transmodal
1563,sub-23,107,0.080414310309997,1,0,transmodal
1564,sub-23,109,0.080036347308028,0,0,transmodal
1565,sub-23,109,0.0801375562750883,1,0,transmodal
1566,sub-23,111,0.0815924165201869,0,0,transmodal
1567,sub-23,111,0.0816133040021496,1,0,transmodal
1568,sub-23,113,0.0823774105913256,0,0,transmodal
1569,sub-23,113,0.0824368050813066,1,0,transmodal
1570,sub-23,117,0.0788637251237763,0,0,transmodal
1571,sub-23,117,0.0985948033280447,1,0,transmodal
1572,sub-23,118,0.083541249244034,0,0,transmodal
1573,sub-23,118,0.0819557000555873,1,0,transmodal
1574,sub-23,119,0.0809400457941894,0,0,transmodal
1575,sub-23,119,0.0827255763812789,1,0,transmodal
1576,sub-23,121,0.0858552016661835,0,0,transmodal
1577,sub-23,121,0.0801436031889007,1,0,transmodal
1578,sub-23,122,0.0793070746751335,0,0,transmodal
1579,sub-23,122,0.0807148575051012,1,0,transmodal
1580,sub-23,123,0.0162424176718016,0,1,unimodal
1581,sub-23,123,0.2658696439154678,1,1,unimodal
1582,sub-23,126,0.0791936002195336,0,0,transmodal
1583,sub-23,126,0.0851811769876916,1,0,transmodal
1584,sub-23,128,0.0816367358113178,0,0,transmodal
1585,sub-23,128,0.0911966263953527,1,0,transmodal
1586,sub-23,129,0.0831693647678989,0,0,transmodal
1587,sub-23,129,0.1669145999423263,1,0,transmodal
1588,sub-23,131,0.3507450372801972,0,0,transmodal
1589,sub-23,131,0.0314317308540525,1,0,transmodal
1590,sub-23,132,0.1111373563972917,0,0,transmodal
1591,sub-23,132,0.1422257559717851,1,0,transmodal
1592,sub-23,134,0.080368439127183,0,0,transmodal
1593,sub-23,134,0.0790178963266031,1,0,transmodal
1594,sub-23,137,0.0820648460061218,0,1,unimodal
1595,sub-23,137,0.0598796334336126,1,1,unimodal
1596,sub-23,140,0.0799110064774104,0,0,transmodal
1597,sub-23,140,0.0835212259657328,1,0,transmodal
1598,sub-23,141,0.0814118395438276,0,1,unimodal
1599,sub-23,141,0.4825748124654048,1,1,unimodal
1600,sub-23,144,0.0888842841712977,0,0,transmodal
1601,sub-23,144,0.0859842098163137,1,0,transmodal
1602,sub-23,147,0.0831257617780825,0,0,transmodal
1603,sub-23,147,0.4703280655115058,1,0,transmodal
1604,sub-23,149,0.0802921775483967,0,0,transmodal
1605,sub-23,149,0.4906307630711242,1,0,transmodal
1606,sub-23,151,0.0953447470619486,0,1,unimodal
1607,sub-23,151,0.2329340379577585,1,1,unimodal
1608,sub-23,156,0.079565379122111,0,1,unimodal
1609,sub-23,156,0.0838159568501758,1,1,unimodal
1610,sub-23,160,0.0906363602986,0,0,transmodal
1611,sub-23,160,0.4763065229146149,1,0,transmodal
1612,sub-23,167,0.0862407083663598,0,1,unimodal
1613,sub-23,167,0.1068164921915003,1,1,unimodal
1614,sub-23,169,0.1009777175454919,0,0,transmodal
1615,sub-23,169,0.5195212011102801,1,0,transmodal
1616,sub-23,170,0.0834890184677726,0,0,transmodal
1617,sub-23,170,0.1997799022313844,1,0,transmodal
1618,sub-23,175,0.0810420529670584,0,0,transmodal
1619,sub-23,175,0.1205768208652648,1,0,transmodal
1620,sub-23,176,0.0834452668991174,0,0,transmodal
1621,sub-23,176,0.234429080719049,1,0,transmodal
1622,sub-23,179,0.0123974502833276,0,0,transmodal
1623,sub-23,179,0.0965429120949479,1,0,transmodal
1624,sub-23,181,0.2668762996756923,0,1,unimodal
1625,sub-23,181,0.3531821177040485,1,1,unimodal
1626,sub-23,183,0.5171266395054038,0,1,unimodal
1627,sub-23,183,0.1016275339896638,1,1,unimodal
1628,sub-23,185,0.0371690948683016,0,1,unimodal
1629,sub-23,185,0.1083888706564558,1,1,unimodal
1630,sub-23,186,0.2942765796107349,0,1,unimodal
1631,sub-23,186,0.0937268816575343,1,1,unimodal
1632,sub-23,192,0.1827212105528042,0,1,unimodal
1633,sub-23,192,0.0347387910480926,1,1,unimodal
1634,sub-23,198,0.0822084978763423,0,1,unimodal
1635,sub-23,198,0.0787704635599412,1,1,unimodal
1636,sub-23,200,0.0910483956131247,0,1,unimodal
1637,sub-23,200,0.682368694184528,1,1,unimodal
1638,sub-23,201,0.0243712070797534,0,1,unimodal
1639,sub-23,201,0.096878345209071,1,1,unimodal
1640,sub-23,203,0.0847701286979819,0,1,unimodal
1641,sub-23,203,0.053458170327712,1,1,unimodal
1642,sub-23,205,0.0801736644334323,0,0,transmodal
1643,sub-23,205,0.4511850240832162,1,0,transmodal
1644,sub-23,208,0.2586092057486612,0,0,transmodal
1645,sub-23,208,0.1463326869894333,1,0,transmodal
1646,sub-23,209,0.0832192268716452,0,0,transmodal
1647,sub-23,209,0.1099265135023057,1,0,transmodal
1648,sub-23,210,0.1506847547809136,0,0,transmodal
1649,sub-23,210,0.0947361433235303,1,0,transmodal
1650,sub-23,212,0.0922843173967043,0,0,transmodal
1651,sub-23,212,0.120936401596479,1,0,transmodal
1652,sub-23,213,0.0867622945259039,0,0,transmodal
1653,sub-23,213,0.0420938727222012,1,0,transmodal
1654,sub-23,214,0.3642936986280526,0,0,transmodal
1655,sub-23,214,0.4613960719016804,1,0,transmodal
1656,sub-23,216,0.0789969118226189,0,0,transmodal
1657,sub-23,216,0.0173617621996038,1,0,transmodal
1658,sub-23,218,0.087736774202051,0,1,unimodal
1659,sub-23,218,0.0676217496023663,1,1,unimodal
1660,sub-23,224,0.2684500790228722,0,0,transmodal
1661,sub-23,224,0.0366630268617331,1,0,transmodal
1662,sub-23,225,0.1910841703822205,0,0,transmodal
1663,sub-23,225,0.5093196051429999,1,0,transmodal
1664,sub-23,226,0.0878553703449809,0,1,unimodal
1665,sub-23,226,0.6228299899706753,1,1,unimodal
1666,sub-23,228,0.0819853703018678,0,1,unimodal
1667,sub-23,228,0.5631584313080721,1,1,unimodal
1668,sub-23,229,0.0846532528984675,0,0,transmodal
1669,sub-23,229,0.1243322126217149,1,0,transmodal
1670,sub-23,231,0.0264151751579834,0,1,unimodal
1671,sub-23,231,0.8542663448454128,1,1,unimodal
1672,sub-23,233,0.0783422890217111,0,1,unimodal
1673,sub-23,233,0.2821442025929204,1,1,unimodal
1674,sub-23,235,0.0847517477800821,0,1,unimodal
1675,sub-23,235,0.0841584868789607,1,1,unimodal
1676,sub-23,236,0.082280602558589,0,0,transmodal
1677,sub-23,236,0.288314831865649,1,0,transmodal
1678,sub-23,237,0.0817962658100173,0,0,transmodal
1679,sub-23,237,0.0814017526004876,1,0,transmodal
1680,sub-23,243,0.084455619366758,0,0,transmodal
1681,sub-23,243,0.5042157247017924,1,0,transmodal
1682,sub-23,244,0.0851109838156379,0,0,transmodal
1683,sub-23,244,0.5012591888496871,1,0,transmodal
1684,sub-23,247,0.4487916017700031,0,0,transmodal
1685,sub-23,247,0.6884857888437271,1,0,transmodal
1686,sub-23,248,0.0486276370816739,0,0,transmodal
1687,sub-23,248,0.7206080135731965,1,0,transmodal
1688,sub-23,255,0.0814766397977108,0,0,transmodal
1689,sub-23,255,0.0840575926636131,1,0,transmodal
1690,sub-23,257,0.0862833662192284,0,0,transmodal
1691,sub-23,257,0.301640786382621,1,0,transmodal
1692,sub-23,260,0.0806512578285219,0,0,transmodal
1693,sub-23,260,0.3939376352550228,1,0,transmodal
1694,sub-23,262,0.084313785875156,0,0,transmodal
1695,sub-23,262,0.4076499558283157,1,0,transmodal
1696,sub-23,265,0.0379096423229512,0,0,transmodal
1697,sub-23,265,0.7066157684569446,1,0,transmodal
1698,sub-23,266,0.0790617393967856,0,0,transmodal
1699,sub-23,266,0.6676941503469132,1,0,transmodal
1700,sub-23,267,0.3061290003155992,0,0,transmodal
1701,sub-23,267,0.5028273075353811,1,0,transmodal
1702,sub-23,269,0.0839455990047808,0,0,transmodal
1703,sub-23,269,0.0901276213797136,1,0,transmodal
1704,sub-23,270,0.042911903373744,0,0,transmodal
1705,sub-23,270,0.0811536702892184,1,0,transmodal
1706,sub-23,271,0.0342523191730889,0,0,transmodal
1707,sub-23,271,0.084819992460496,1,0,transmodal
1708,sub-23,272,0.0782765452570902,0,0,transmodal
1709,sub-23,272,0.0799081844122076,1,0,transmodal
1710,sub-23,273,0.0822379201252785,0,0,transmodal
1711,sub-23,273,0.0843660917417426,1,0,transmodal
1712,sub-23,274,0.0840671832610216,0,0,transmodal
1713,sub-23,274,0.0824929613282953,1,0,transmodal
1714,sub-23,277,0.089312890798948,0,0,transmodal
1715,sub-23,277,0.6078993657308179,1,0,transmodal
1716,sub-23,278,0.0843859191212662,0,0,transmodal
1717,sub-23,278,0.1002459171345798,1,0,transmodal
1718,sub-23,279,0.2294468121504305,0,1,unimodal
1719,sub-23,279,0.2604193700462837,1,1,unimodal
1720,sub-23,280,0.0865724308893245,0,1,unimodal
1721,sub-23,280,0.0923416955032565,1,1,unimodal
1722,sub-23,281,0.0790285363102378,0,1,unimodal
1723,sub-23,281,0.0834075232897809,1,1,unimodal
1724,sub-23,284,0.0867747783551584,0,0,transmodal
1725,sub-23,284,0.2798359618841532,1,0,transmodal
1726,sub-23,285,0.0813093715152505,0,0,transmodal
1727,sub-23,285,0.0770860741665485,1,0,transmodal
1728,sub-23,287,0.0124420164724524,0,0,transmodal
1729,sub-23,287,0.0812954063081816,1,0,transmodal
1730,sub-23,288,0.0785352038212671,0,0,transmodal
1731,sub-23,288,0.0485584002441191,1,0,transmodal
1732,sub-23,290,0.023979857623782,0,0,transmodal
1733,sub-23,290,0.0815260911877322,1,0,transmodal
1734,sub-23,291,0.0793666667255674,0,0,transmodal
1735,sub-23,291,0.0815254252922458,1,0,transmodal
1736,sub-23,293,0.084825351721649,0,0,transmodal
1737,sub-23,293,0.0816696438830185,1,0,transmodal
1738,sub-23,294,0.0579390080721751,0,1,unimodal
1739,sub-23,294,0.0793032002432094,1,1,unimodal
1740,sub-23,297,0.0800615799627461,0,0,transmodal
1741,sub-23,297,0.0843438681085332,1,0,transmodal
1742,sub-23,298,0.0808781450949533,0,0,transmodal
1743,sub-23,298,0.0799254648293108,1,0,transmodal
1744,sub-23,302,0.0820994383641662,0,0,transmodal
1745,sub-23,302,0.0791893932584114,1,0,transmodal
1746,sub-23,303,0.0816674595932442,0,1,unimodal
1747,sub-23,303,0.0838607879597809,1,1,unimodal
1748,sub-23,305,0.0846107173530727,0,0,transmodal
1749,sub-23,305,0.0790667011263236,1,0,transmodal
1750,sub-23,308,0.0842106256401828,0,0,transmodal
1751,sub-23,308,0.0489739785511796,1,0,transmodal
1752,sub-23,309,0.0665083901556723,0,0,transmodal
1753,sub-23,309,0.6097485709004854,1,0,transmodal
1754,sub-23,310,0.0803635568265417,0,0,transmodal
1755,sub-23,310,0.0856627467980258,1,0,transmodal
1756,sub-23,311,0.0866798356879641,0,0,transmodal
1757,sub-23,311,0.4411097729072314,1,0,transmodal
1758,sub-23,312,0.0814328133601624,0,0,transmodal
1759,sub-23,312,0.045424182949067,1,0,transmodal
1760,sub-23,313,0.3132925469967515,0,0,transmodal
1761,sub-23,313,0.1038534016740108,1,0,transmodal
1762,sub-23,322,0.0828665355228113,0,0,transmodal
1763,sub-23,322,0.0524206239098476,1,0,transmodal
1764,sub-23,323,0.0854678060429174,0,0,transmodal
1765,sub-23,323,0.1013959026387794,1,0,transmodal
1766,sub-23,324,0.0250780814380014,0,0,transmodal
1767,sub-23,324,0.063986769848914,1,0,transmodal
1768,sub-23,325,0.0109628044618961,0,0,transmodal
1769,sub-23,325,0.0806368008763554,1,0,transmodal
1770,sub-23,331,0.0951137480413106,0,1,unimodal
1771,sub-23,331,0.4706820380792003,1,1,unimodal
1772,sub-23,333,0.0792640792814765,0,1,unimodal
1773,sub-23,333,0.0841751504042614,1,1,unimodal
1774,sub-23,334,0.0838344253717787,0,0,transmodal
1775,sub-23,334,0.0836457949432755,1,0,transmodal
1776,sub-23,339,0.0784327815153085,0,1,unimodal
1777,sub-23,339,0.0842291870744978,1,1,unimodal
1778,sub-23,340,0.0883829447307131,0,0,transmodal
1779,sub-23,340,0.3590013180539519,1,0,transmodal
1780,sub-23,341,0.0878645876086118,0,0,transmodal
1781,sub-23,341,0.0864973927964032,1,0,transmodal
1782,sub-23,345,0.079157789318181,0,0,transmodal
1783,sub-23,345,0.0802724999612526,1,0,transmodal
1784,sub-23,346,0.0809618756583185,0,0,transmodal
1785,sub-23,346,0.0785762070271072,1,0,transmodal
1786,sub-23,347,0.079412442384347,0,1,unimodal
1787,sub-23,347,0.0835637259361527,1,1,unimodal
1788,sub-23,349,0.1110180154389947,0,0,transmodal
1789,sub-23,349,0.8285207336888377,1,0,transmodal
1790,sub-23,353,0.0846937954985191,0,1,unimodal
1791,sub-23,353,0.0878196029397614,1,1,unimodal
1792,sub-23,354,0.0899061865909455,0,1,unimodal
1793,sub-23,354,0.448018298712558,1,1,unimodal
1794,sub-23,355,0.0833146023241274,0,0,transmodal
1795,sub-23,355,0.0913307643603747,1,0,transmodal
1796,sub-23,358,0.0878675558269114,0,0,transmodal
1797,sub-23,358,0.0807840956632894,1,0,transmodal
1798,sub-33,0,0.3814459302234979,0,1,unimodal
1799,sub-33,0,0.4030600447793339,1,1,unimodal
1800,sub-33,1,0.0814556517501351,0,1,unimodal
1801,sub-33,1,0.0818353886227936,1,1,unimodal
1802,sub-33,2,0.5067499157132442,0,1,unimodal
1803,sub-33,2,0.6687079199814433,1,1,unimodal
1804,sub-33,3,0.4720761199024693,0,1,unimodal
1805,sub-33,3,0.5144856256141083,1,1,unimodal
1806,sub-33,4,0.4020739502155374,0,1,unimodal
1807,sub-33,4,0.2451485558257795,1,1,unimodal
1808,sub-33,6,0.0846296482312398,0,1,unimodal
1809,sub-33,6,0.08012711765492,1,1,unimodal
1810,sub-33,7,0.0808551299017858,0,1,unimodal
1811,sub-33,7,0.3594103807707265,1,1,unimodal
1812,sub-33,8,0.0833944570566751,0,1,unimodal
1813,sub-33,8,0.4157673859727619,1,1,unimodal
1814,sub-33,9,0.0809956951647404,0,0,transmodal
1815,sub-33,9,0.0819889069575463,1,0,transmodal
1816,sub-33,10,0.0806194372665805,0,0,transmodal
1817,sub-33,10,0.0819958097556359,1,0,transmodal
1818,sub-33,11,0.0808417947696834,0,0,transmodal
1819,sub-33,11,0.0530858525996884,1,0,transmodal
1820,sub-33,13,0.4228967403077624,0,0,transmodal
1821,sub-33,13,0.1370612396015758,1,0,transmodal
1822,sub-33,14,0.6950930786859545,0,0,transmodal
1823,sub-33,14,0.4181331083698687,1,0,transmodal
1824,sub-33,16,0.0606465169964579,0,1,unimodal
1825,sub-33,16,0.0809378684154423,1,1,unimodal
1826,sub-33,18,0.0833199804398796,0,1,unimodal
1827,sub-33,18,0.0801305545964241,1,1,unimodal
1828,sub-33,20,0.0910403944017495,0,1,unimodal
1829,sub-33,20,0.0808004524277692,1,1,unimodal
1830,sub-33,21,0.0986859594520781,0,1,unimodal
1831,sub-33,21,0.0928394135625759,1,1,unimodal
1832,sub-33,23,0.0796809057157293,0,1,unimodal
1833,sub-33,23,0.0807977645831204,1,1,unimodal
1834,sub-33,25,0.080550478716381,0,0,transmodal
1835,sub-33,25,0.0795891346225017,1,0,transmodal
1836,sub-33,26,0.0912004743702733,0,0,transmodal
1837,sub-33,26,0.2542169466454326,1,0,transmodal
1838,sub-33,28,0.515558237933267,0,0,transmodal
1839,sub-33,28,0.4447524293657169,1,0,transmodal
1840,sub-33,29,0.5910964701167265,0,0,transmodal
1841,sub-33,29,0.2367029553021431,1,0,transmodal
1842,sub-33,31,0.0808616113727281,0,0,transmodal
1843,sub-33,31,0.0842492319270879,1,0,transmodal
1844,sub-33,36,0.0375988143615879,0,0,transmodal
1845,sub-33,36,0.0802751664001622,1,0,transmodal
1846,sub-33,41,0.082097918855463,0,1,unimodal
1847,sub-33,41,0.0861309767358334,1,1,unimodal
1848,sub-33,42,0.0797782116900007,0,0,transmodal
1849,sub-33,42,0.0801493299360795,1,0,transmodal
1850,sub-33,44,0.1016807051621033,0,0,transmodal
1851,sub-33,44,0.255034559102575,1,0,transmodal
1852,sub-33,46,0.0833966424676977,0,1,unimodal
1853,sub-33,46,0.0513580746541497,1,1,unimodal
1854,sub-33,51,0.0638088672248329,0,1,unimodal
1855,sub-33,51,0.1303265935779841,1,1,unimodal
1856,sub-33,52,0.0855486115322491,0,1,unimodal
1857,sub-33,52,0.3756495467340478,1,1,unimodal
1858,sub-33,55,0.080995245636841,0,1,unimodal
1859,sub-33,55,0.0889648596842033,1,1,unimodal
1860,sub-33,61,0.0896872045611187,0,0,transmodal
1861,sub-33,61,0.0813743149994089,1,0,transmodal
1862,sub-33,64,0.7648846193649254,0,0,transmodal
1863,sub-33,64,0.213903430937318,1,0,transmodal
1864,sub-33,65,0.0818267333870428,0,0,transmodal
1865,sub-33,65,0.0900126841909201,1,0,transmodal
1866,sub-33,66,0.0365982142290001,0,0,transmodal
1867,sub-33,66,0.0364645011511166,1,0,transmodal
1868,sub-33,69,0.6007860387098962,0,0,transmodal
1869,sub-33,69,0.2596617464316162,1,0,transmodal
1870,sub-33,71,0.3073096504862371,0,0,transmodal
1871,sub-33,71,0.0791396641653989,1,0,transmodal
1872,sub-33,74,0.0150201947299826,0,0,transmodal
1873,sub-33,74,0.0888100218609732,1,0,transmodal
1874,sub-33,78,0.0813259129936908,0,0,transmodal
1875,sub-33,78,0.0808019864894534,1,0,transmodal
1876,sub-33,79,0.0820203391358784,0,0,transmodal
1877,sub-33,79,0.0807227483773583,1,0,transmodal
1878,sub-33,80,0.0814169377762524,0,0,transmodal
1879,sub-33,80,0.0805156526940954,1,0,transmodal
1880,sub-33,83,0.0446350268181593,0,0,transmodal
1881,sub-33,83,0.0838126688987194,1,0,transmodal
1882,sub-33,84,0.1032422528949748,0,0,transmodal
1883,sub-33,84,0.0791529754104887,1,0,transmodal
1884,sub-33,86,0.0903956838973188,0,0,transmodal
1885,sub-33,86,0.0800189100312741,1,0,transmodal
1886,sub-33,87,0.0187130031568026,0,0,transmodal
1887,sub-33,87,0.0849273638383916,1,0,transmodal
1888,sub-33,89,0.078872613144687,0,0,transmodal
1889,sub-33,89,0.0833213282212832,1,0,transmodal
1890,sub-33,90,0.0814340070025711,0,0,transmodal
1891,sub-33,90,0.079515844107559,1,0,transmodal
1892,sub-33,91,0.0799489611659953,0,0,transmodal
1893,sub-33,91,0.0794172144762666,1,0,transmodal
1894,sub-33,102,0.0793282561612569,0,1,unimodal
1895,sub-33,102,0.4002450317025713,1,1,unimodal
1896,sub-33,103,0.0247842209173959,0,1,unimodal
1897,sub-33,103,0.0818407291633503,1,1,unimodal
1898,sub-33,105,0.0829480770416747,0,0,transmodal
1899,sub-33,105,0.0874130377460207,1,0,transmodal
1900,sub-33,110,0.0852639170404315,0,0,transmodal
1901,sub-33,110,0.0799594676934021,1,0,transmodal
1902,sub-33,114,0.0403034070927107,0,1,unimodal
1903,sub-33,114,0.0827682819308181,1,1,unimodal
1904,sub-33,115,0.0806637619737361,0,0,transmodal
1905,sub-33,115,0.0830582711419395,1,0,transmodal
1906,sub-33,118,0.0878994651465987,0,0,transmodal
1907,sub-33,118,0.0818658933239965,1,0,transmodal
1908,sub-33,119,0.0196148951107831,0,0,transmodal
1909,sub-33,119,0.0848713442552237,1,0,transmodal
1910,sub-33,122,0.0824286224324669,0,0,transmodal
1911,sub-33,122,0.0794361825233295,1,0,transmodal
1912,sub-33,124,0.5816336011913832,0,0,transmodal
1913,sub-33,124,0.094665395194131,1,0,transmodal
1914,sub-33,128,0.0851646426528496,0,0,transmodal
1915,sub-33,128,0.0825839032670071,1,0,transmodal
1916,sub-33,131,0.0662144419711566,0,0,transmodal
1917,sub-33,131,0.0820443952490374,1,0,transmodal
1918,sub-33,132,0.0791684109917746,0,0,transmodal
1919,sub-33,132,0.0798685824757206,1,0,transmodal
1920,sub-33,134,0.0820765045595918,0,0,transmodal
1921,sub-33,134,0.0814343016463887,1,0,transmodal
1922,sub-33,137,0.080620677407879,0,1,unimodal
1923,sub-33,137,0.0238625774227284,1,1,unimodal
1924,sub-33,139,0.0837884413502964,0,0,transmodal
1925,sub-33,139,0.0325192743049661,1,0,transmodal
1926,sub-33,141,0.531032389719519,0,1,unimodal
1927,sub-33,141,0.2943321648535877,1,1,unimodal
1928,sub-33,142,0.1160531470972431,0,0,transmodal
1929,sub-33,142,0.0859160044038291,1,0,transmodal
1930,sub-33,152,0.1889005858573148,0,1,unimodal
1931,sub-33,152,0.0814191330017195,1,1,unimodal
1932,sub-33,153,0.0817505634478586,0,1,unimodal
1933,sub-33,153,0.0422234221784829,1,1,unimodal
1934,sub-33,154,0.083738210487036,0,0,transmodal
1935,sub-33,154,0.0713833644800557,1,0,transmodal
1936,sub-33,156,0.0814640980557581,0,1,unimodal
1937,sub-33,156,0.0857262560129837,1,1,unimodal
1938,sub-33,158,0.3005921875170514,0,1,unimodal
1939,sub-33,158,0.0837759841092881,1,1,unimodal
1940,sub-33,159,0.0787442296367485,0,1,unimodal
1941,sub-33,159,0.0804735850411419,1,1,unimodal
1942,sub-33,160,0.5499617071849519,0,0,transmodal
1943,sub-33,160,0.4603927340711939,1,0,transmodal
1944,sub-33,162,0.0864760405752799,0,1,unimodal
1945,sub-33,162,0.0787751121220804,1,1,unimodal
1946,sub-33,163,0.0778108908590125,0,0,transmodal
1947,sub-33,163,0.0850776657874831,1,0,transmodal
1948,sub-33,164,0.0809285898027983,0,0,transmodal
1949,sub-33,164,0.0807555325238924,1,0,transmodal
1950,sub-33,165,0.0383724739092601,0,0,transmodal
1951,sub-33,165,0.081401882328071,1,0,transmodal
1952,sub-33,167,0.0791058822092347,0,1,unimodal
1953,sub-33,167,0.0788014350043907,1,1,unimodal
1954,sub-33,171,0.0554787314370972,0,0,transmodal
1955,sub-33,171,0.0809216019144652,1,0,transmodal
1956,sub-33,173,0.0784941822718224,0,1,unimodal
1957,sub-33,173,0.2458885040681318,1,1,unimodal
1958,sub-33,174,0.465962922282169,0,1,unimodal
1959,sub-33,174,0.1179128306259979,1,1,unimodal
1960,sub-33,175,0.0887442535356764,0,0,transmodal
1961,sub-33,175,0.0792152282016708,1,0,transmodal
1962,sub-33,176,0.0795747000557434,0,0,transmodal
1963,sub-33,176,0.0619326662047834,1,0,transmodal
1964,sub-33,178,0.0973090374683496,0,0,transmodal
1965,sub-33,178,0.0884927058624555,1,0,transmodal
1966,sub-33,180,0.3668644729664283,0,1,unimodal
1967,sub-33,180,0.1584584763737858,1,1,unimodal
1968,sub-33,181,0.0450329324972951,0,1,unimodal
1969,sub-33,181,0.0804875691340895,1,1,unimodal
1970,sub-33,183,0.4419158411644345,0,1,unimodal
1971,sub-33,183,0.5357299379139825,1,1,unimodal
1972,sub-33,184,0.4435587950153394,0,1,unimodal
1973,sub-33,184,0.7695122302442938,1,1,unimodal
1974,sub-33,185,0.0126284169392148,0,1,unimodal
1975,sub-33,185,0.4746028421555761,1,1,unimodal
1976,sub-33,188,0.0818839880228186,0,1,unimodal
1977,sub-33,188,0.5340990786676703,1,1,unimodal
1978,sub-33,194,0.62451211058889,0,0,transmodal
1979,sub-33,194,0.3003365106748343,1,0,transmodal
1980,sub-33,200,0.0115696855852452,0,1,unimodal
1981,sub-33,200,0.0129961791183437,1,1,unimodal
1982,sub-33,201,0.2755514427462684,0,1,unimodal
1983,sub-33,201,0.4584911909169688,1,1,unimodal
1984,sub-33,203,0.0826554901513996,0,1,unimodal
1985,sub-33,203,0.0810747521555314,1,1,unimodal
1986,sub-33,204,0.082278808276896,0,0,transmodal
1987,sub-33,204,0.0861754823708234,1,0,transmodal
1988,sub-33,209,0.5787819949447602,0,0,transmodal
1989,sub-33,209,0.2894114315288845,1,0,transmodal
1990,sub-33,210,0.4599608563081758,0,0,transmodal
1991,sub-33,210,0.0921830470620504,1,0,transmodal
1992,sub-33,213,0.0877776536973458,0,0,transmodal
1993,sub-33,213,0.0816330684475721,1,0,transmodal
1994,sub-33,218,0.0820870460206979,0,1,unimodal
1995,sub-33,218,0.0824416588403658,1,1,unimodal
1996,sub-33,221,0.0835543722012494,0,1,unimodal
1997,sub-33,221,0.0801449751070348,1,1,unimodal
1998,sub-33,222,0.0969645979381621,0,0,transmodal
1999,sub-33,222,0.0770457165037976,1,0,transmodal
2000,sub-33,223,0.0850026660074274,0,0,transmodal
2001,sub-33,223,0.0796636479545342,1,0,transmodal
2002,sub-33,224,0.5043874548332392,0,0,transmodal
2003,sub-33,224,0.1053497561864705,1,0,transmodal
2004,sub-33,226,0.0887725752920662,0,1,unimodal
2005,sub-33,226,0.0890913656490783,1,1,unimodal
2006,sub-33,227,0.0791177961630054,0,1,unimodal
2007,sub-33,227,0.0800442327139502,1,1,unimodal
2008,sub-33,230,0.050446093623091,0,1,unimodal
2009,sub-33,230,0.028739159070051,1,1,unimodal
2010,sub-33,234,0.081580997215642,0,1,unimodal
2011,sub-33,234,0.0826678669176628,1,1,unimodal
2012,sub-33,235,0.1557549695926176,0,1,unimodal
2013,sub-33,235,0.0795423584716736,1,1,unimodal
2014,sub-33,236,0.0869854970622127,0,0,transmodal
2015,sub-33,236,0.0811481957854773,1,0,transmodal
2016,sub-33,237,0.0839019820692101,0,0,transmodal
2017,sub-33,237,0.0826293317592185,1,0,transmodal
2018,sub-33,239,0.0848322939197602,0,0,transmodal
2019,sub-33,239,0.0789162710736077,1,0,transmodal
2020,sub-33,245,0.0780907835810737,0,0,transmodal
2021,sub-33,245,0.0777109024313493,1,0,transmodal
2022,sub-33,253,0.0230476036690143,0,0,transmodal
2023,sub-33,253,0.079719987656007,1,0,transmodal
2024,sub-33,258,0.0828153371960018,0,0,transmodal
2025,sub-33,258,0.0801047202422859,1,0,transmodal
2026,sub-33,264,0.2194972986224221,0,0,transmodal
2027,sub-33,264,0.048684906705556,1,0,transmodal
2028,sub-33,265,0.0824381589753567,0,0,transmodal
2029,sub-33,265,0.08524451341289,1,0,transmodal
2030,sub-33,266,0.0807660040289008,0,0,transmodal
2031,sub-33,266,0.0793640109529407,1,0,transmodal
2032,sub-33,268,0.08549220029104,0,0,transmodal
2033,sub-33,268,0.0863357781451343,1,0,transmodal
2034,sub-33,269,0.0788312575782753,0,0,transmodal
2035,sub-33,269,0.0795241286101806,1,0,transmodal
2036,sub-33,271,0.0545485623638427,0,0,transmodal
2037,sub-33,271,0.0842519181303352,1,0,transmodal
2038,sub-33,275,0.0846188963403009,0,0,transmodal
2039,sub-33,275,0.0839268216589748,1,0,transmodal
2040,sub-33,276,0.0918611603938844,0,0,transmodal
2041,sub-33,276,0.0825416355635336,1,0,transmodal
2042,sub-33,280,0.0824161608048835,0,1,unimodal
2043,sub-33,280,0.0834949544244391,1,1,unimodal
2044,sub-33,281,0.0863377488962011,0,1,unimodal
2045,sub-33,281,0.0879309806372739,1,1,unimodal
2046,sub-33,283,0.0815407758092306,0,1,unimodal
2047,sub-33,283,0.0791161188177563,1,1,unimodal
2048,sub-33,285,0.0862902645914484,0,0,transmodal
2049,sub-33,285,0.0823103722279956,1,0,transmodal
2050,sub-33,286,0.0902846434771684,0,1,unimodal
2051,sub-33,286,0.0869016544851947,1,1,unimodal
2052,sub-33,288,0.0531088969260843,0,0,transmodal
2053,sub-33,288,0.0813862446709365,1,0,transmodal
2054,sub-33,289,0.2922164036094219,0,0,transmodal
2055,sub-33,289,0.0276831660657269,1,0,transmodal
2056,sub-33,294,0.0796568053482594,0,1,unimodal
2057,sub-33,294,0.089267061779236,1,1,unimodal
2058,sub-33,300,0.0851211407538829,0,1,unimodal
2059,sub-33,300,0.082254966102083,1,1,unimodal
2060,sub-33,301,0.0803879737072842,0,0,transmodal
2061,sub-33,301,0.0158636957785055,1,0,transmodal
2062,sub-33,302,0.2925532715621621,0,0,transmodal
2063,sub-33,302,0.084854392918067,1,0,transmodal
2064,sub-33,306,0.0807522782165867,0,0,transmodal
2065,sub-33,306,0.0794785044152291,1,0,transmodal
2066,sub-33,310,0.0811011074687322,0,0,transmodal
2067,sub-33,310,0.0808118317543762,1,0,transmodal
2068,sub-33,311,0.0803679328993918,0,0,transmodal
2069,sub-33,311,0.0794493926911241,1,0,transmodal
2070,sub-33,312,0.0833544107488948,0,0,transmodal
2071,sub-33,312,0.0772124628358665,1,0,transmodal
2072,sub-33,313,0.0852174323373868,0,0,transmodal
2073,sub-33,313,0.07915913448453,1,0,transmodal
2074,sub-33,314,0.0824069013273548,0,0,transmodal
2075,sub-33,314,0.0798159074234191,1,0,transmodal
2076,sub-33,318,0.0991397140647393,0,0,transmodal
2077,sub-33,318,0.0804633789970123,1,0,transmodal
2078,sub-33,319,0.0815842128750462,0,0,transmodal
2079,sub-33,319,0.0791844094779891,1,0,transmodal
2080,sub-33,322,0.0800600551971368,0,0,transmodal
2081,sub-33,322,0.0111578264629369,1,0,transmodal
2082,sub-33,323,0.0894462027832693,0,0,transmodal
2083,sub-33,323,0.0821535076330228,1,0,transmodal
2084,sub-33,324,0.0873014110422284,0,0,transmodal
2085,sub-33,324,0.0827612990387847,1,0,transmodal
2086,sub-33,325,0.0812438506657221,0,0,transmodal
2087,sub-33,325,0.0820888401434451,1,0,transmodal
2088,sub-33,328,0.0813985544832999,0,0,transmodal
2089,sub-33,328,0.0834868042366966,1,0,transmodal
2090,sub-33,332,0.0993890090897579,0,1,unimodal
2091,sub-33,332,0.0802885709449111,1,1,unimodal
2092,sub-33,335,0.0118949369259554,0,1,unimodal
2093,sub-33,335,0.09125252104453,1,1,unimodal
2094,sub-33,337,0.0129576104469125,0,1,unimodal
2095,sub-33,337,0.0905284218344319,1,1,unimodal
2096,sub-33,339,0.0800154010413518,0,1,unimodal
2097,sub-33,339,0.0798311135077878,1,1,unimodal
2098,sub-33,343,0.0792286686141383,0,0,transmodal
2099,sub-33,343,0.081347342296443,1,0,transmodal
2100,sub-33,345,0.0801377417571336,0,0,transmodal
2101,sub-33,345,0.0783331329946261,1,0,transmodal
2102,sub-33,346,0.0838551880369825,0,0,transmodal
2103,sub-33,346,0.0854144259013795,1,0,transmodal
2104,sub-33,352,0.0843019164217604,0,1,unimodal
2105,sub-33,352,0.0842607896751141,1,1,unimodal
2106,sub-33,355,0.0800493048100624,0,0,transmodal
2107,sub-33,355,0.0910279558348511,1,0,transmodal
2108,sub-33,356,0.0818329463039369,0,0,transmodal
2109,sub-33,356,0.0806374675169615,1,0,transmodal
2110,sub-33,358,0.05351556928147,0,0,transmodal
2111,sub-33,358,0.0802851270747437,1,0,transmodal
2112,sub-33,359,0.3940681064058635,0,0,transmodal
2113,sub-33,359,0.0110888532718166,1,0,transmodal
2114,sub-36,0,0.0239990032082288,0,1,unimodal
2115,sub-36,0,0.4897560207035007,1,1,unimodal
2116,sub-36,1,0.0649688948989509,0,1,unimodal
2117,sub-36,1,0.0784155237031609,1,1,unimodal
2118,sub-36,2,0.0812003147920213,0,1,unimodal
2119,sub-36,2,0.558624873204513,1,1,unimodal
2120,sub-36,3,0.10373234402622,0,1,unimodal
2121,sub-36,3,0.6580667638223686,1,1,unimodal
2122,sub-36,4,0.3018198740955068,0,1,unimodal
2123,sub-36,4,0.6486239093074861,1,1,unimodal
2124,sub-36,5,0.3000303885692898,0,1,unimodal
2125,sub-36,5,0.4931436437954749,1,1,unimodal
2126,sub-36,7,0.0818690339073142,0,1,unimodal
2127,sub-36,7,0.0804325772054914,1,1,unimodal
2128,sub-36,9,0.0811376605851996,0,0,transmodal
2129,sub-36,9,0.0983859870049139,1,0,transmodal
2130,sub-36,13,0.3194332532009538,0,0,transmodal
2131,sub-36,13,0.0868207037907261,1,0,transmodal
2132,sub-36,14,0.0801972068114607,0,0,transmodal
2133,sub-36,14,0.0217889284141851,1,0,transmodal
2134,sub-36,17,0.0865210399018182,0,1,unimodal
2135,sub-36,17,0.5317081900003099,1,1,unimodal
2136,sub-36,18,0.0789815446776431,0,1,unimodal
2137,sub-36,18,0.3647162052722993,1,1,unimodal
2138,sub-36,22,0.0818336344791571,0,1,unimodal
2139,sub-36,22,0.078403216821293,1,1,unimodal
2140,sub-36,23,0.0224977126821361,0,1,unimodal
2141,sub-36,23,0.0820048505514659,1,1,unimodal
2142,sub-36,25,0.3039338777174749,0,0,transmodal
2143,sub-36,25,0.4330421378589239,1,0,transmodal
2144,sub-36,30,0.0950003887075607,0,0,transmodal
2145,sub-36,30,0.6270893234234636,1,0,transmodal
2146,sub-36,33,0.2811672233183441,0,0,transmodal
2147,sub-36,33,0.0915667765112192,1,0,transmodal
2148,sub-36,40,0.080385661984739,0,1,unimodal
2149,sub-36,40,0.0820132764914703,1,1,unimodal
2150,sub-36,43,0.0794015862916933,0,0,transmodal
2151,sub-36,43,0.0921264436955243,1,0,transmodal
2152,sub-36,44,0.1873092130434089,0,0,transmodal
2153,sub-36,44,0.3746783596767872,1,0,transmodal
2154,sub-36,45,0.4636806147050518,0,0,transmodal
2155,sub-36,45,1.0596608318766922,1,0,transmodal
2156,sub-36,52,0.0840295781310903,0,1,unimodal
2157,sub-36,52,0.0824496434811385,1,1,unimodal
2158,sub-36,54,0.0785902896777608,0,1,unimodal
2159,sub-36,54,0.0818957825323069,1,1,unimodal
2160,sub-36,57,0.0234078000829887,0,0,transmodal
2161,sub-36,57,0.0792189240155357,1,0,transmodal
2162,sub-36,62,0.0171985776910983,0,0,transmodal
2163,sub-36,62,0.2053426609017182,1,0,transmodal
2164,sub-36,63,0.0797512669406814,0,0,transmodal
2165,sub-36,63,0.2136000259775963,1,0,transmodal
2166,sub-36,64,0.0870690382626453,0,0,transmodal
2167,sub-36,64,0.1040737222116341,1,0,transmodal
2168,sub-36,65,0.0878740013322127,0,0,transmodal
2169,sub-36,65,0.0787253437949964,1,0,transmodal
2170,sub-36,69,0.0855401258786762,0,0,transmodal
2171,sub-36,69,0.1073386852080992,1,0,transmodal
2172,sub-36,70,0.2527439626346842,0,0,transmodal
2173,sub-36,70,0.5923517002704299,1,0,transmodal
2174,sub-36,71,0.0787119781166609,0,0,transmodal
2175,sub-36,71,0.4171018722359715,1,0,transmodal
2176,sub-36,72,0.7730647347129876,0,0,transmodal
2177,sub-36,72,0.2052212084750196,1,0,transmodal
2178,sub-36,76,0.1014873943303388,0,0,transmodal
2179,sub-36,76,0.2952162179857516,1,0,transmodal
2180,sub-36,78,0.0395488820648265,0,0,transmodal
2181,sub-36,78,0.4326234840515146,1,0,transmodal
2182,sub-36,81,0.686594185773695,0,0,transmodal
2183,sub-36,81,0.0382160354548685,1,0,transmodal
2184,sub-36,83,0.0949919090196061,0,0,transmodal
2185,sub-36,83,0.534619118417975,1,0,transmodal
2186,sub-36,84,0.4356136805858659,0,0,transmodal
2187,sub-36,84,0.9398942247670512,1,0,transmodal
2188,sub-36,85,0.5366301587662787,0,0,transmodal
2189,sub-36,85,0.5523352963006233,1,0,transmodal
2190,sub-36,86,0.4404135798681274,0,0,transmodal
2191,sub-36,86,0.7418855626059317,1,0,transmodal
2192,sub-36,87,0.0988985420831153,0,0,transmodal
2193,sub-36,87,0.0881516248629289,1,0,transmodal
2194,sub-36,88,0.3033827987377244,0,0,transmodal
2195,sub-36,88,0.3763929771311791,1,0,transmodal
2196,sub-36,92,0.0817238033463899,0,0,transmodal
2197,sub-36,92,0.0800603242478289,1,0,transmodal
2198,sub-36,94,0.0840841016461518,0,0,transmodal
2199,sub-36,94,0.0352566061190745,1,0,transmodal
2200,sub-36,97,0.129287272005291,0,0,transmodal
2201,sub-36,97,0.4656870404251009,1,0,transmodal
2202,sub-36,103,0.0840399811876734,0,1,unimodal
2203,sub-36,103,0.0787369103861318,1,1,unimodal
2204,sub-36,107,0.0816375997985361,0,0,transmodal
2205,sub-36,107,0.0810264199861156,1,0,transmodal
2206,sub-36,108,0.0801942320403439,0,0,transmodal
2207,sub-36,108,0.0789831591475465,1,0,transmodal
2208,sub-36,111,0.0819493126207508,0,0,transmodal
2209,sub-36,111,0.0459434956935449,1,0,transmodal
2210,sub-36,112,0.080113207209018,0,0,transmodal
2211,sub-36,112,0.0802401549298421,1,0,transmodal
2212,sub-36,113,0.0677559764335757,0,0,transmodal
2213,sub-36,113,0.0798099314258746,1,0,transmodal
2214,sub-36,114,0.0836054282184001,0,1,unimodal
2215,sub-36,114,0.0804995811379888,1,1,unimodal
2216,sub-36,117,0.0783311940539897,0,0,transmodal
2217,sub-36,117,0.0814244343269722,1,0,transmodal
2218,sub-36,120,0.0806669580089073,0,1,unimodal
2219,sub-36,120,0.0858695059035917,1,1,unimodal
2220,sub-36,121,0.0164451120449134,0,0,transmodal
2221,sub-36,121,0.0827780519058276,1,0,transmodal
2222,sub-36,126,0.2575871607322728,0,0,transmodal
2223,sub-36,126,0.4055176749957074,1,0,transmodal
2224,sub-36,127,0.0786074544243726,0,0,transmodal
2225,sub-36,127,0.0787242734183132,1,0,transmodal
2226,sub-36,132,0.0855824367097651,0,0,transmodal
2227,sub-36,132,0.4834703003122396,1,0,transmodal
2228,sub-36,133,0.0797918581819758,0,0,transmodal
2229,sub-36,133,0.0784598879982318,1,0,transmodal
2230,sub-36,135,0.0813148906329612,0,0,transmodal
2231,sub-36,135,0.080552252708942,1,0,transmodal
2232,sub-36,136,0.4887696653436905,0,0,transmodal
2233,sub-36,136,0.7344938812897331,1,0,transmodal
2234,sub-36,138,0.0798173752176436,0,0,transmodal
2235,sub-36,138,0.0790027344053863,1,0,transmodal
2236,sub-36,143,0.055414852233978,0,0,transmodal
2237,sub-36,143,0.5714273249989507,1,0,transmodal
2238,sub-36,145,0.0859680413983178,0,0,transmodal
2239,sub-36,145,0.0226034800669705,1,0,transmodal
2240,sub-36,147,0.0838730634103136,0,0,transmodal
2241,sub-36,147,0.0940611731848403,1,0,transmodal
2242,sub-36,148,0.087301766060241,0,0,transmodal
2243,sub-36,148,0.036317750003326,1,0,transmodal
2244,sub-36,149,0.11390888512547,0,0,transmodal
2245,sub-36,149,0.7539746497275189,1,0,transmodal
2246,sub-36,151,0.0826656767596149,0,1,unimodal
2247,sub-36,151,0.0390337160647844,1,1,unimodal
2248,sub-36,152,0.08230819079517,0,1,unimodal
2249,sub-36,152,0.0225163168537314,1,1,unimodal
2250,sub-36,158,0.0909469966157796,0,1,unimodal
2251,sub-36,158,0.0794500242195686,1,1,unimodal
2252,sub-36,165,0.0804168002891549,0,0,transmodal
2253,sub-36,165,0.0823767733474518,1,0,transmodal
2254,sub-36,170,0.4180429901924924,0,0,transmodal
2255,sub-36,170,0.4656257648577855,1,0,transmodal
2256,sub-36,172,0.0814922482307489,0,1,unimodal
2257,sub-36,172,0.0781195398310518,1,1,unimodal
2258,sub-36,173,0.325881928163221,0,1,unimodal
2259,sub-36,173,0.0343253788562156,1,1,unimodal
2260,sub-36,176,0.0795809983507604,0,0,transmodal
2261,sub-36,176,0.309727419988662,1,0,transmodal
2262,sub-36,177,0.0796553116510893,0,0,transmodal
2263,sub-36,177,0.0808321970179176,1,0,transmodal
2264,sub-36,180,0.3126049188193728,0,1,unimodal
2265,sub-36,180,0.556545239867258,1,1,unimodal
2266,sub-36,181,0.0845970450895659,0,1,unimodal
2267,sub-36,181,0.0810002364970914,1,1,unimodal
2268,sub-36,183,0.0376281022402452,0,1,unimodal
2269,sub-36,183,0.4863577297923217,1,1,unimodal
2270,sub-36,184,0.4389798995489511,0,1,unimodal
2271,sub-36,184,0.645970235690053,1,1,unimodal
2272,sub-36,185,0.1878940961110075,0,1,unimodal
2273,sub-36,185,0.2019047194612609,1,1,unimodal
2274,sub-36,188,0.0875542153190371,0,1,unimodal
2275,sub-36,188,0.0834863119068906,1,1,unimodal
2276,sub-36,190,0.0845902455721476,0,0,transmodal
2277,sub-36,190,0.0808064662009768,1,0,transmodal
2278,sub-36,192,0.0111844903044444,0,1,unimodal
2279,sub-36,192,0.33258107516315,1,1,unimodal
2280,sub-36,195,0.385168819508364,0,1,unimodal
2281,sub-36,195,0.2523817433499266,1,1,unimodal
2282,sub-36,196,0.2984822011550186,0,1,unimodal
2283,sub-36,196,0.0789291299336528,1,1,unimodal
2284,sub-36,198,0.0813996157531138,0,1,unimodal
2285,sub-36,198,0.0216084712786042,1,1,unimodal
2286,sub-36,200,0.0818111656103941,0,1,unimodal
2287,sub-36,200,0.3575702958598158,1,1,unimodal
2288,sub-36,201,0.3299729241241467,0,1,unimodal
2289,sub-36,201,0.03125255838932,1,1,unimodal
2290,sub-36,206,0.2816105037847378,0,0,transmodal
2291,sub-36,206,0.040493107530958,1,0,transmodal
2292,sub-36,210,0.3670652077729317,0,0,transmodal
2293,sub-36,210,0.7027905187126279,1,0,transmodal
2294,sub-36,211,0.0806631323761658,0,0,transmodal
2295,sub-36,211,0.0810546117715437,1,0,transmodal
2296,sub-36,215,0.102543803466189,0,1,unimodal
2297,sub-36,215,0.0830477612193735,1,1,unimodal
2298,sub-36,216,0.0855126605827395,0,0,transmodal
2299,sub-36,216,0.0780806516209934,1,0,transmodal
2300,sub-36,220,0.0836681314563327,0,1,unimodal
2301,sub-36,220,0.0793751267577319,1,1,unimodal
2302,sub-36,221,0.0866521582653114,0,1,unimodal
2303,sub-36,221,0.0837778818907882,1,1,unimodal
2304,sub-36,225,0.0249670167008065,0,0,transmodal
2305,sub-36,225,0.3148867668695863,1,0,transmodal
2306,sub-36,229,0.1272312194434379,0,0,transmodal
2307,sub-36,229,0.5829227314296067,1,0,transmodal
2308,sub-36,230,0.4938494374162194,0,1,unimodal
2309,sub-36,230,0.5041757914759644,1,1,unimodal
2310,sub-36,231,0.0809184310406554,0,1,unimodal
2311,sub-36,231,0.0702793099197512,1,1,unimodal
2312,sub-36,237,0.081654459659571,0,0,transmodal
2313,sub-36,237,0.0856663232033018,1,0,transmodal
2314,sub-36,239,0.0793404385172847,0,0,transmodal
2315,sub-36,239,0.0780492945348473,1,0,transmodal
2316,sub-36,240,0.0859184772200356,0,0,transmodal
2317,sub-36,240,0.270928532407183,1,0,transmodal
2318,sub-36,244,0.087075369411594,0,0,transmodal
2319,sub-36,244,0.0833142838115582,1,0,transmodal
2320,sub-36,250,0.6665343180856189,0,0,transmodal
2321,sub-36,250,0.1113669058992705,1,0,transmodal
2322,sub-36,251,0.0808628608865154,0,0,transmodal
2323,sub-36,251,0.3894596746662092,1,0,transmodal
2324,sub-36,255,0.0802195474276435,0,0,transmodal
2325,sub-36,255,0.0784858349508806,1,0,transmodal
2326,sub-36,259,0.0776576524586862,0,0,transmodal
2327,sub-36,259,0.0841747627303798,1,0,transmodal
2328,sub-36,260,0.0339530384580916,0,0,transmodal
2329,sub-36,260,0.0865502553400778,1,0,transmodal
2330,sub-36,261,0.5119014352246593,0,0,transmodal
2331,sub-36,261,0.3002869334835957,1,0,transmodal
2332,sub-36,263,0.5358444885494731,0,0,transmodal
2333,sub-36,263,0.1146200443132504,1,0,transmodal
2334,sub-36,265,0.7939374229632331,0,0,transmodal
2335,sub-36,265,0.0228792989711478,1,0,transmodal
2336,sub-36,267,0.1668019778777977,0,0,transmodal
2337,sub-36,267,0.0236607573989505,1,0,transmodal
2338,sub-36,270,0.0802176931381438,0,0,transmodal
2339,sub-36,270,0.0807311950125736,1,0,transmodal
2340,sub-36,272,0.0792744004752295,0,0,transmodal
2341,sub-36,272,0.0803619609936465,1,0,transmodal
2342,sub-36,277,0.0850287218317345,0,0,transmodal
2343,sub-36,277,0.0235429158403527,1,0,transmodal
2344,sub-36,282,0.0806743396271049,0,1,unimodal
2345,sub-36,282,0.0800780577737205,1,1,unimodal
2346,sub-36,286,0.1144068897244793,0,1,unimodal
2347,sub-36,286,0.0835067300485944,1,1,unimodal
2348,sub-36,288,0.1709462648294325,0,0,transmodal
2349,sub-36,288,0.0812921050275099,1,0,transmodal
2350,sub-36,289,0.0789979515759513,0,0,transmodal
2351,sub-36,289,0.0799159989048877,1,0,transmodal
2352,sub-36,290,0.0914993910856225,0,0,transmodal
2353,sub-36,290,0.0807074718267998,1,0,transmodal
2354,sub-36,292,0.0824966837952966,0,0,transmodal
2355,sub-36,292,0.0788165385622992,1,0,transmodal
2356,sub-36,295,0.0856317904512549,0,0,transmodal
2357,sub-36,295,0.0860945885604822,1,0,transmodal
2358,sub-36,296,0.0114147699739804,0,0,transmodal
2359,sub-36,296,0.1857430439408235,1,0,transmodal
2360,sub-36,298,0.0814571397628898,0,0,transmodal
2361,sub-36,298,0.082234151269122,1,0,transmodal
2362,sub-36,300,0.082853949684532,0,1,unimodal
2363,sub-36,300,0.0815010861786394,1,1,unimodal
2364,sub-36,303,0.0879335854253866,0,1,unimodal
2365,sub-36,303,0.0821028388817942,1,1,unimodal
2366,sub-36,310,0.0836216062386008,0,0,transmodal
2367,sub-36,310,0.0848190887058535,1,0,transmodal
2368,sub-36,314,0.0846706066061448,0,0,transmodal
2369,sub-36,314,0.212452906932216,1,0,transmodal
2370,sub-36,316,0.0873276895458518,0,0,transmodal
2371,sub-36,316,0.0883743867509902,1,0,transmodal
2372,sub-36,317,0.0872983521196022,0,1,unimodal
2373,sub-36,317,0.0848727317007469,1,1,unimodal
2374,sub-36,319,0.0834832325952691,0,0,transmodal
2375,sub-36,319,0.0795319666963914,1,0,transmodal
2376,sub-36,322,0.576665774439863,0,0,transmodal
2377,sub-36,322,0.2176544902506607,1,0,transmodal
2378,sub-36,328,0.5010310975536891,0,0,transmodal
2379,sub-36,328,0.2762386609568446,1,0,transmodal
2380,sub-36,329,0.0832222155574666,0,0,transmodal
2381,sub-36,329,0.8686661307906108,1,0,transmodal
2382,sub-36,337,0.0816104723733012,0,1,unimodal
2383,sub-36,337,0.1036662723234597,1,1,unimodal
2384,sub-36,343,0.0805262645832641,0,0,transmodal
2385,sub-36,343,0.0806174816421395,1,0,transmodal
2386,sub-36,344,0.0866391173700592,0,0,transmodal
2387,sub-36,344,0.0801579544967261,1,0,transmodal
2388,sub-36,345,0.0781668570348304,0,0,transmodal
2389,sub-36,345,0.0801737253359137,1,0,transmodal
2390,sub-36,347,0.0816324831810464,0,1,unimodal
2391,sub-36,347,0.0813066410791246,1,1,unimodal
2392,sub-36,348,0.081964838155746,0,0,transmodal
2393,sub-36,348,0.0809062181559801,1,0,transmodal
2394,sub-36,351,0.0795488180643265,0,0,transmodal
2395,sub-36,351,0.0809210692893371,1,0,transmodal
2396,sub-38,0,0.01627537727314,0,1,unimodal
2397,sub-38,0,0.080563438519633,1,1,unimodal
2398,sub-38,2,0.0794982311525908,0,1,unimodal
2399,sub-38,2,0.0802371227880683,1,1,unimodal
2400,sub-38,3,0.0806971039563272,0,1,unimodal
2401,sub-38,3,0.0811373292413029,1,1,unimodal
2402,sub-38,4,0.0811228645822147,0,1,unimodal
2403,sub-38,4,0.0806633621631504,1,1,unimodal
2404,sub-38,8,0.6119381855540074,0,1,unimodal
2405,sub-38,8,0.6120498701814748,1,1,unimodal
2406,sub-38,10,0.0485312174746856,0,0,transmodal
2407,sub-38,10,0.2084069264541836,1,0,transmodal
2408,sub-38,11,0.4639801174158412,0,0,transmodal
2409,sub-38,11,0.4639825040005401,1,0,transmodal
2410,sub-38,12,0.088173186371236,0,1,unimodal
2411,sub-38,12,0.0588539808822375,1,1,unimodal
2412,sub-38,15,0.0792976807252084,0,1,unimodal
2413,sub-38,15,0.0796813072076776,1,1,unimodal
2414,sub-38,16,0.190447523254641,0,1,unimodal
2415,sub-38,16,0.190142653272858,1,1,unimodal
2416,sub-38,18,0.0828638364889854,0,1,unimodal
2417,sub-38,18,0.0818848567967192,1,1,unimodal
2418,sub-38,19,0.0836874372017342,0,1,unimodal
2419,sub-38,19,0.081898127996773,1,1,unimodal
2420,sub-38,20,0.0814883914865309,0,1,unimodal
2421,sub-38,20,0.0829081343215604,1,1,unimodal
2422,sub-38,22,0.0844858549205468,0,1,unimodal
2423,sub-38,22,0.0854265624510524,1,1,unimodal
2424,sub-38,23,0.0532336626644198,0,1,unimodal
2425,sub-38,23,0.0792331102393128,1,1,unimodal
2426,sub-38,25,0.4408361875689126,0,0,transmodal
2427,sub-38,25,0.4408536094228738,1,0,transmodal
2428,sub-38,26,0.4118115910490141,0,0,transmodal
2429,sub-38,26,0.4118118242808332,1,0,transmodal
2430,sub-38,27,0.0805684133697223,0,0,transmodal
2431,sub-38,27,0.0202153138732906,1,0,transmodal
2432,sub-38,28,0.1491462115919186,0,0,transmodal
2433,sub-38,28,0.1528597650755122,1,0,transmodal
2434,sub-38,29,0.7284730959147144,0,0,transmodal
2435,sub-38,29,0.7284501725246536,1,0,transmodal
2436,sub-38,30,0.1163250855501737,0,0,transmodal
2437,sub-38,30,0.1122771840198291,1,0,transmodal
2438,sub-38,32,0.2674597627935202,0,0,transmodal
2439,sub-38,32,0.2674670037055549,1,0,transmodal
2440,sub-38,34,0.0838619281451193,0,0,transmodal
2441,sub-38,34,0.0840787869947537,1,0,transmodal
2442,sub-38,37,0.0828574611472462,0,0,transmodal
2443,sub-38,37,0.0345273759408443,1,0,transmodal
2444,sub-38,40,0.0821990071483226,0,1,unimodal
2445,sub-38,40,0.0502100096409885,1,1,unimodal
2446,sub-38,42,0.1027511370429335,0,0,transmodal
2447,sub-38,42,0.1018385359716557,1,0,transmodal
2448,sub-38,43,0.2599059017470893,0,0,transmodal
2449,sub-38,43,0.2600092815743888,1,0,transmodal
2450,sub-38,44,0.5471536728372416,0,0,transmodal
2451,sub-38,44,0.5471695987582531,1,0,transmodal
2452,sub-38,46,0.2774416464585236,0,1,unimodal
2453,sub-38,46,0.277446959708248,1,1,unimodal
2454,sub-38,49,0.3636484694751453,0,0,transmodal
2455,sub-38,49,0.3638202189954774,1,0,transmodal
2456,sub-38,50,0.3835540072973752,0,1,unimodal
2457,sub-38,50,0.0495556922623961,1,1,unimodal
2458,sub-38,51,0.0836498842339168,0,1,unimodal
2459,sub-38,51,0.0833250054061267,1,1,unimodal
2460,sub-38,55,0.4198838376515001,0,1,unimodal
2461,sub-38,55,0.4198909854285866,1,1,unimodal
2462,sub-38,57,0.0814219668018361,0,0,transmodal
2463,sub-38,57,0.0812707589650916,1,0,transmodal
2464,sub-38,58,0.0771051260340324,0,0,transmodal
2465,sub-38,58,0.0767831635135811,1,0,transmodal
2466,sub-38,60,0.083190099309974,0,0,transmodal
2467,sub-38,60,0.0841824018138612,1,0,transmodal
2468,sub-38,64,0.1419544141275594,0,0,transmodal
2469,sub-38,64,0.1450666587817207,1,0,transmodal
2470,sub-38,65,0.0812318797812021,0,0,transmodal
2471,sub-38,65,0.0815996431546842,1,0,transmodal
2472,sub-38,67,0.4343848458951211,0,0,transmodal
2473,sub-38,67,0.4341142675759492,1,0,transmodal
2474,sub-38,68,0.5026916887471212,0,0,transmodal
2475,sub-38,68,0.5027149474699395,1,0,transmodal
2476,sub-38,70,0.0532610010899666,0,0,transmodal
2477,sub-38,70,0.2154427576359414,1,0,transmodal
2478,sub-38,71,0.2542930720964972,0,0,transmodal
2479,sub-38,71,0.2542211193009618,1,0,transmodal
2480,sub-38,72,0.5545094942653893,0,0,transmodal
2481,sub-38,72,0.5545080801348797,1,0,transmodal
2482,sub-38,73,0.7056551238568398,0,0,transmodal
2483,sub-38,73,0.7056587377622586,1,0,transmodal
2484,sub-38,77,1.225065601725193,0,0,transmodal
2485,sub-38,77,1.2249838261063488,1,0,transmodal
2486,sub-38,78,0.0836871419522079,0,0,transmodal
2487,sub-38,78,0.0845715222681768,1,0,transmodal
2488,sub-38,80,0.3567462319719319,0,0,transmodal
2489,sub-38,80,0.3567463429463759,1,0,transmodal
2490,sub-38,82,0.3258928093008163,0,0,transmodal
2491,sub-38,82,0.3258806272213934,1,0,transmodal
2492,sub-38,83,0.5184908449031898,0,0,transmodal
2493,sub-38,83,0.5184942179159002,1,0,transmodal
2494,sub-38,88,0.5491479974045282,0,0,transmodal
2495,sub-38,88,0.0246017542558589,1,0,transmodal
2496,sub-38,89,0.0855697664846348,0,0,transmodal
2497,sub-38,89,0.0841338045951678,1,0,transmodal
2498,sub-38,90,0.078218731126855,0,0,transmodal
2499,sub-38,90,0.0788314983677207,1,0,transmodal
2500,sub-38,91,0.0791512428968683,0,0,transmodal
2501,sub-38,91,0.0792102141559016,1,0,transmodal
2502,sub-38,94,0.0867164813571856,0,0,transmodal
2503,sub-38,94,0.0850833356150419,1,0,transmodal
2504,sub-38,98,0.0802868974898601,0,0,transmodal
2505,sub-38,98,0.0798985423271317,1,0,transmodal
2506,sub-38,99,0.0825227913681592,0,1,unimodal
2507,sub-38,99,0.0801474599635218,1,1,unimodal
2508,sub-38,102,0.0798361834316632,0,1,unimodal
2509,sub-38,102,0.0800551829575324,1,1,unimodal
2510,sub-38,103,0.0800322221842921,0,1,unimodal
2511,sub-38,103,0.0808673300655585,1,1,unimodal
2512,sub-38,105,0.087715280694508,0,0,transmodal
2513,sub-38,105,0.0847069420584809,1,0,transmodal
2514,sub-38,106,0.0805325571941686,0,1,unimodal
2515,sub-38,106,0.0801509250377911,1,1,unimodal
2516,sub-38,107,0.2265444417463371,0,0,transmodal
2517,sub-38,107,0.2264116190871457,1,0,transmodal
2518,sub-38,109,0.0817186696672393,0,0,transmodal
2519,sub-38,109,0.0821347469771355,1,0,transmodal
2520,sub-38,111,0.0810076856608823,0,0,transmodal
2521,sub-38,111,0.0809582867287891,1,0,transmodal
2522,sub-38,112,0.0846322178391224,0,0,transmodal
2523,sub-38,112,0.0858529372132394,1,0,transmodal
2524,sub-38,115,0.0863858845892693,0,0,transmodal
2525,sub-38,115,0.085889365497207,1,0,transmodal
2526,sub-38,116,0.6620041990296801,0,0,transmodal
2527,sub-38,116,0.6619294644976286,1,0,transmodal
2528,sub-38,117,0.0805958547235923,0,0,transmodal
2529,sub-38,117,0.08188789103399,1,0,transmodal
2530,sub-38,118,0.0817962684767528,0,0,transmodal
2531,sub-38,118,0.0818073612263936,1,0,transmodal
2532,sub-38,119,0.0798993245838146,0,0,transmodal
2533,sub-38,119,0.0806720761957489,1,0,transmodal
2534,sub-38,120,0.0798440776790225,0,1,unimodal
2535,sub-38,120,0.0818238794947361,1,1,unimodal
2536,sub-38,121,0.0786818500061959,0,0,transmodal
2537,sub-38,121,0.0132495338429657,1,0,transmodal
2538,sub-38,123,0.0788151106082428,0,1,unimodal
2539,sub-38,123,0.0788183084939816,1,1,unimodal
2540,sub-38,124,0.0804769516554164,0,0,transmodal
2541,sub-38,124,0.0825074380931851,1,0,transmodal
2542,sub-38,128,0.2469223692528955,0,0,transmodal
2543,sub-38,128,0.2469016966295846,1,0,transmodal
2544,sub-38,129,1.0451637122851225,0,0,transmodal
2545,sub-38,129,1.0452240967981157,1,0,transmodal
2546,sub-38,130,0.0813261017578244,0,0,transmodal
2547,sub-38,130,0.0803880769815117,1,0,transmodal
2548,sub-38,132,0.039360643429781,0,0,transmodal
2549,sub-38,132,0.817748568561654,1,0,transmodal
2550,sub-38,134,0.0829342995891762,0,0,transmodal
2551,sub-38,134,0.0852887480044123,1,0,transmodal
2552,sub-38,138,0.5406252484889446,0,0,transmodal
2553,sub-38,138,0.5406290943422932,1,0,transmodal
2554,sub-38,139,0.7493706434773374,0,0,transmodal
2555,sub-38,139,0.749412573556788,1,0,transmodal
2556,sub-38,140,0.0822497173251514,0,0,transmodal
2557,sub-38,140,0.0796857259385755,1,0,transmodal
2558,sub-38,142,0.0805491057383104,0,0,transmodal
2559,sub-38,142,0.0789322346644485,1,0,transmodal
2560,sub-38,143,0.6927890707808575,0,0,transmodal
2561,sub-38,143,0.6927886310268039,1,0,transmodal
2562,sub-38,144,0.4156644974346476,0,0,transmodal
2563,sub-38,144,0.4156597232538556,1,0,transmodal
2564,sub-38,145,0.0789232634825435,0,0,transmodal
2565,sub-38,145,0.0799942638787771,1,0,transmodal
2566,sub-38,147,0.6702859538629476,0,0,transmodal
2567,sub-38,147,0.6702351320100369,1,0,transmodal
2568,sub-38,148,0.1184589847983335,0,0,transmodal
2569,sub-38,148,0.1207280081317531,1,0,transmodal
2570,sub-38,149,0.8651307549875583,0,0,transmodal
2571,sub-38,149,0.8650882563255301,1,0,transmodal
2572,sub-38,150,0.4215376577164408,0,0,transmodal
2573,sub-38,150,0.4215559240812842,1,0,transmodal
2574,sub-38,153,0.0777389865731558,0,1,unimodal
2575,sub-38,153,0.0144632162037391,1,1,unimodal
2576,sub-38,158,0.080138810999222,0,1,unimodal
2577,sub-38,158,0.0810584231102798,1,1,unimodal
2578,sub-38,159,0.0811770314674052,0,1,unimodal
2579,sub-38,159,0.0827261491535951,1,1,unimodal
2580,sub-38,162,0.0792408901715089,0,1,unimodal
2581,sub-38,162,0.0780941633434765,1,1,unimodal
2582,sub-38,163,0.0786094257260186,0,0,transmodal
2583,sub-38,163,0.0775355860519751,1,0,transmodal
2584,sub-38,164,0.0818445964622328,0,0,transmodal
2585,sub-38,164,0.0813525302035282,1,0,transmodal
2586,sub-38,165,0.0786330206927123,0,0,transmodal
2587,sub-38,165,0.0782747117282268,1,0,transmodal
2588,sub-38,166,0.0809008994181083,0,0,transmodal
2589,sub-38,166,0.0802155172742362,1,0,transmodal
2590,sub-38,167,0.0820973322462945,0,1,unimodal
2591,sub-38,167,0.0821230910490696,1,1,unimodal
2592,sub-38,170,0.0222339809456437,0,0,transmodal
2593,sub-38,170,0.6140749399211443,1,0,transmodal
2594,sub-38,171,0.0772669607254065,0,0,transmodal
2595,sub-38,171,0.0766461631793107,1,0,transmodal
2596,sub-38,172,0.0804006537551764,0,1,unimodal
2597,sub-38,172,0.0795535166761082,1,1,unimodal
2598,sub-38,173,0.0800739360459016,0,1,unimodal
2599,sub-38,173,0.0792908481148662,1,1,unimodal
2600,sub-38,174,0.0803271039137179,0,1,unimodal
2601,sub-38,174,0.0813132267738025,1,1,unimodal
2602,sub-38,176,0.0857805206683198,0,0,transmodal
2603,sub-38,176,0.0851490183382109,1,0,transmodal
2604,sub-38,177,0.078725926567823,0,0,transmodal
2605,sub-38,177,0.0795833686694883,1,0,transmodal
2606,sub-38,180,0.0810857622724929,0,1,unimodal
2607,sub-38,180,0.0825666412129921,1,1,unimodal
2608,sub-38,181,0.0791767216092807,0,1,unimodal
2609,sub-38,181,0.0790978398097114,1,1,unimodal
2610,sub-38,183,0.0790811202253855,0,1,unimodal
2611,sub-38,183,0.0800958322609317,1,1,unimodal
2612,sub-38,186,0.1075119856853655,0,1,unimodal
2613,sub-38,186,0.105524100952199,1,1,unimodal
2614,sub-38,189,0.0809709367259262,0,0,transmodal
2615,sub-38,189,0.0809886714038256,1,0,transmodal
2616,sub-38,191,0.0423534479516024,0,0,transmodal
2617,sub-38,191,0.1409246652815265,1,0,transmodal
2618,sub-38,192,0.0820299893215207,0,1,unimodal
2619,sub-38,192,0.0828492604958696,1,1,unimodal
2620,sub-38,194,0.6366651417421305,0,0,transmodal
2621,sub-38,194,0.6366027168385006,1,0,transmodal
2622,sub-38,195,0.0861371323453225,0,1,unimodal
2623,sub-38,195,0.0866170564436097,1,1,unimodal
2624,sub-38,196,0.0857662877621451,0,1,unimodal
2625,sub-38,196,0.0518627499583572,1,1,unimodal
2626,sub-38,197,0.2379869152763041,0,1,unimodal
2627,sub-38,197,0.2380322298992156,1,1,unimodal
2628,sub-38,201,0.0805635657420059,0,1,unimodal
2629,sub-38,201,0.0799359757203529,1,1,unimodal
2630,sub-38,203,0.0793734823290149,0,1,unimodal
2631,sub-38,203,0.0795199630820341,1,1,unimodal
2632,sub-38,207,0.0934658695523739,0,0,transmodal
2633,sub-38,207,0.0529121223237709,1,0,transmodal
2634,sub-38,208,0.7031748072338162,0,0,transmodal
2635,sub-38,208,0.7031851058014035,1,0,transmodal
2636,sub-38,209,0.9483482914075616,0,0,transmodal
2637,sub-38,209,0.948296983628554,1,0,transmodal
2638,sub-38,210,0.1613538589214031,0,0,transmodal
2639,sub-38,210,0.1622026192225157,1,0,transmodal
2640,sub-38,211,0.1160618508254079,0,0,transmodal
2641,sub-38,211,0.1167190326344373,1,0,transmodal
2642,sub-38,212,0.1326879289556775,0,0,transmodal
2643,sub-38,212,0.1334202038170749,1,0,transmodal
2644,sub-38,213,0.0965861541422326,0,0,transmodal
2645,sub-38,213,0.0954413908285572,1,0,transmodal
2646,sub-38,214,0.9335882915256344,0,0,transmodal
2647,sub-38,214,0.9335946027675792,1,0,transmodal
2648,sub-38,215,0.0955202771427783,0,1,unimodal
2649,sub-38,215,0.0946198474040565,1,1,unimodal
2650,sub-38,219,0.0822549699965532,0,1,unimodal
2651,sub-38,219,0.080827374169839,1,1,unimodal
2652,sub-38,224,0.2843243936392019,0,0,transmodal
2653,sub-38,224,0.2842950876749833,1,0,transmodal
2654,sub-38,225,0.4595034913876354,0,0,transmodal
2655,sub-38,225,0.4594789237183201,1,0,transmodal
2656,sub-38,226,0.4941818277100364,0,1,unimodal
2657,sub-38,226,0.494195831472923,1,1,unimodal
2658,sub-38,229,0.6967735523152967,0,0,transmodal
2659,sub-38,229,0.6967878429075876,1,0,transmodal
2660,sub-38,235,0.0790847882530908,0,1,unimodal
2661,sub-38,235,0.0798267431094107,1,1,unimodal
2662,sub-38,237,0.0158869070108704,0,0,transmodal
2663,sub-38,237,0.0791747129023676,1,0,transmodal
2664,sub-38,238,0.0781437030436375,0,0,transmodal
2665,sub-38,238,0.078347591418324,1,0,transmodal
2666,sub-38,239,0.0829786967873419,0,0,transmodal
2667,sub-38,239,0.084304194594327,1,0,transmodal
2668,sub-38,243,0.0963685672803321,0,0,transmodal
2669,sub-38,243,0.0938706252918687,1,0,transmodal
2670,sub-38,246,0.2196515550661471,0,0,transmodal
2671,sub-38,246,0.2196372390775371,1,0,transmodal
2672,sub-38,247,0.5611634670467919,0,0,transmodal
2673,sub-38,247,0.5616419545364771,1,0,transmodal
2674,sub-38,248,0.2951265061190928,0,0,transmodal
2675,sub-38,248,0.2951189806341847,1,0,transmodal
2676,sub-38,249,0.0951445952258065,0,0,transmodal
2677,sub-38,249,0.0930750190584466,1,0,transmodal
2678,sub-38,250,0.0248696944423747,0,0,transmodal
2679,sub-38,250,0.0564113584964419,1,0,transmodal
2680,sub-38,253,0.0824088014738035,0,0,transmodal
2681,sub-38,253,0.0829932662486286,1,0,transmodal
2682,sub-38,254,0.081548500749826,0,0,transmodal
2683,sub-38,254,0.0798474749857182,1,0,transmodal
2684,sub-38,255,0.0823449379895321,0,0,transmodal
2685,sub-38,255,0.0803452084856069,1,0,transmodal
2686,sub-38,260,0.084904597825328,0,0,transmodal
2687,sub-38,260,0.0858255593684633,1,0,transmodal
2688,sub-38,262,0.0894308309448918,0,0,transmodal
2689,sub-38,262,0.0864329684336509,1,0,transmodal
2690,sub-38,263,0.4361400356063915,0,0,transmodal
2691,sub-38,263,0.4361419636035833,1,0,transmodal
2692,sub-38,264,0.1065285942702561,0,0,transmodal
2693,sub-38,264,0.1083855603272389,1,0,transmodal
2694,sub-38,267,0.0396772650025237,0,0,transmodal
2695,sub-38,267,0.3125485133641977,1,0,transmodal
2696,sub-38,270,0.0807817464111901,0,0,transmodal
2697,sub-38,270,0.0806405256175372,1,0,transmodal
2698,sub-38,273,0.0781316732205022,0,0,transmodal
2699,sub-38,273,0.0784499970300326,1,0,transmodal
2700,sub-38,274,0.0856720311898469,0,0,transmodal
2701,sub-38,274,0.0865853592221996,1,0,transmodal
2702,sub-38,275,0.0796424134010257,0,0,transmodal
2703,sub-38,275,0.0798339746544662,1,0,transmodal
2704,sub-38,277,0.0250573227194507,0,0,transmodal
2705,sub-38,277,0.4667573717448371,1,0,transmodal
2706,sub-38,278,0.0823727860529503,0,0,transmodal
2707,sub-38,278,0.0817012727671998,1,0,transmodal
2708,sub-38,280,0.0826062426729294,0,1,unimodal
2709,sub-38,280,0.0803608809948167,1,1,unimodal
2710,sub-38,281,0.0850479641671389,0,1,unimodal
2711,sub-38,281,0.0841131943339102,1,1,unimodal
2712,sub-38,282,0.0815274964299541,0,1,unimodal
2713,sub-38,282,0.0797203484063797,1,1,unimodal
2714,sub-38,283,0.0790728104082683,0,1,unimodal
2715,sub-38,283,0.080795477143738,1,1,unimodal
2716,sub-38,285,0.0809257755860349,0,0,transmodal
2717,sub-38,285,0.0804766464280854,1,0,transmodal
2718,sub-38,286,0.0809276495388009,0,1,unimodal
2719,sub-38,286,0.0797505425808796,1,1,unimodal
2720,sub-38,287,0.1092714418893052,0,0,transmodal
2721,sub-38,287,0.107004388393234,1,0,transmodal
2722,sub-38,288,0.5720991476437043,0,0,transmodal
2723,sub-38,288,0.5721111818958637,1,0,transmodal
2724,sub-38,289,0.0807220469318716,0,0,transmodal
2725,sub-38,289,0.0825666625128434,1,0,transmodal
2726,sub-38,291,0.0781974874252524,0,0,transmodal
2727,sub-38,291,0.0775180559296261,1,0,transmodal
2728,sub-38,292,0.0803072287642018,0,0,transmodal
2729,sub-38,292,0.0783307303220437,1,0,transmodal
2730,sub-38,294,0.0797680754112233,0,1,unimodal
2731,sub-38,294,0.0792762415070931,1,1,unimodal
2732,sub-38,295,0.0323777096950484,0,0,transmodal
2733,sub-38,295,0.0820209328056453,1,0,transmodal
2734,sub-38,297,0.0799164051561939,0,0,transmodal
2735,sub-38,297,0.0799841512464129,1,0,transmodal
2736,sub-38,298,0.082086668358691,0,0,transmodal
2737,sub-38,298,0.0824594697487227,1,0,transmodal
2738,sub-38,299,0.0795580816923437,0,0,transmodal
2739,sub-38,299,0.0234367944322364,1,0,transmodal
2740,sub-38,301,0.0829618619698834,0,0,transmodal
2741,sub-38,301,0.0839281229359589,1,0,transmodal
2742,sub-38,303,0.0816339896171001,0,1,unimodal
2743,sub-38,303,0.0818313502830216,1,1,unimodal
2744,sub-38,304,0.0820972810707886,0,0,transmodal
2745,sub-38,304,0.0810294335676341,1,0,transmodal
2746,sub-38,306,0.0822544358863838,0,0,transmodal
2747,sub-38,306,0.0800952552752856,1,0,transmodal
2748,sub-38,307,0.4212140092966803,0,0,transmodal
2749,sub-38,307,0.0569925351069819,1,0,transmodal
2750,sub-38,310,0.0870887784488131,0,0,transmodal
2751,sub-38,310,0.0880155332046418,1,0,transmodal
2752,sub-38,311,0.0815158171153326,0,0,transmodal
2753,sub-38,311,0.0824571045616186,1,0,transmodal
2754,sub-38,313,0.6864883476046362,0,0,transmodal
2755,sub-38,313,0.0404162502524246,1,0,transmodal
2756,sub-38,315,0.0805381127237017,0,0,transmodal
2757,sub-38,315,0.0808662564841057,1,0,transmodal
2758,sub-38,317,0.0843600005348923,0,1,unimodal
2759,sub-38,317,0.081803762543408,1,1,unimodal
2760,sub-38,319,0.3389282548092872,0,0,transmodal
2761,sub-38,319,0.3387753653280095,1,0,transmodal
2762,sub-38,320,0.879797810533242,0,0,transmodal
2763,sub-38,320,0.8798713106769696,1,0,transmodal
2764,sub-38,321,0.4621672244147347,0,1,unimodal
2765,sub-38,321,0.4621683797619916,1,1,unimodal
2766,sub-38,322,0.5870495067166356,0,0,transmodal
2767,sub-38,322,0.5870471816915098,1,0,transmodal
2768,sub-38,323,0.3094839099793537,0,0,transmodal
2769,sub-38,323,0.3097011504774972,1,0,transmodal
2770,sub-38,324,0.1056125326466639,0,0,transmodal
2771,sub-38,324,0.1050656700459098,1,0,transmodal
2772,sub-38,325,0.0811822202143777,0,0,transmodal
2773,sub-38,325,0.0829782110489209,1,0,transmodal
2774,sub-38,327,0.4646332678866313,0,0,transmodal
2775,sub-38,327,0.0160317794086195,1,0,transmodal
2776,sub-38,328,0.3077382160288177,0,0,transmodal
2777,sub-38,328,0.307474068131203,1,0,transmodal
2778,sub-38,329,0.6264752601165935,0,0,transmodal
2779,sub-38,329,0.626465454861733,1,0,transmodal
2780,sub-38,330,0.22512983968395,0,0,transmodal
2781,sub-38,330,0.2251861888803076,1,0,transmodal
2782,sub-38,331,0.3072189042296311,0,1,unimodal
2783,sub-38,331,0.307046056341451,1,1,unimodal
2784,sub-38,332,0.0806759628447126,0,1,unimodal
2785,sub-38,332,0.0805090541919585,1,1,unimodal
2786,sub-38,333,0.0793246172381837,0,1,unimodal
2787,sub-38,333,0.0792758740611325,1,1,unimodal
2788,sub-38,334,0.0852829536230689,0,0,transmodal
2789,sub-38,334,0.0239225904899493,1,0,transmodal
2790,sub-38,335,0.0823002083231042,0,1,unimodal
2791,sub-38,335,0.0811742192071815,1,1,unimodal
2792,sub-38,336,0.1120929618784222,0,1,unimodal
2793,sub-38,336,0.0258917224924322,1,1,unimodal
2794,sub-38,338,0.084390130375235,0,1,unimodal
2795,sub-38,338,0.0830646551860171,1,1,unimodal
2796,sub-38,339,0.080669752876202,0,1,unimodal
2797,sub-38,339,0.0790801826651087,1,1,unimodal
2798,sub-38,340,0.9589098525653754,0,0,transmodal
2799,sub-38,340,0.9589446172480874,1,0,transmodal
2800,sub-38,341,0.2742826387697685,0,0,transmodal
2801,sub-38,341,0.0500109589217072,1,0,transmodal
2802,sub-38,342,0.0806579312344387,0,1,unimodal
2803,sub-38,342,0.0796925667155241,1,1,unimodal
2804,sub-38,344,0.079512503666607,0,0,transmodal
2805,sub-38,344,0.0809751499744923,1,0,transmodal
2806,sub-38,345,0.0853715650561616,0,0,transmodal
2807,sub-38,345,0.0854938612258096,1,0,transmodal
2808,sub-38,346,0.0803375189432207,0,0,transmodal
2809,sub-38,346,0.0793138306060019,1,0,transmodal
2810,sub-38,347,0.080716405479502,0,1,unimodal
2811,sub-38,347,0.0804132299004519,1,1,unimodal
2812,sub-38,349,0.1220186572586609,0,0,transmodal
2813,sub-38,349,0.1256795658874513,1,0,transmodal
2814,sub-38,350,0.0798578307054209,0,0,transmodal
2815,sub-38,350,0.0812384203081111,1,0,transmodal
2816,sub-38,351,0.0807237937139049,0,0,transmodal
2817,sub-38,351,0.0812572231163625,1,0,transmodal
2818,sub-38,352,0.0789807804009313,0,1,unimodal
2819,sub-38,352,0.0781800767664395,1,1,unimodal
2820,sub-38,353,0.0809948376292158,0,1,unimodal
2821,sub-38,353,0.0833228734933308,1,1,unimodal
2822,sub-38,355,0.0985835164386553,0,0,transmodal
2823,sub-38,355,0.0984838961936711,1,0,transmodal
2824,sub-38,356,0.0819228498921286,0,0,transmodal
2825,sub-38,356,0.0825645025634497,1,0,transmodal
2826,sub-38,357,0.0828296352956667,0,0,transmodal
2827,sub-38,357,0.0834887884213914,1,0,transmodal
2828,sub-39,0,0.0854805394480983,0,1,unimodal
2829,sub-39,0,0.034356724540593,1,1,unimodal
2830,sub-39,1,0.0797040988700456,0,1,unimodal
2831,sub-39,1,0.0930724604607265,1,1,unimodal
2832,sub-39,3,0.0351657423150522,0,1,unimodal
2833,sub-39,3,0.2929748775966269,1,1,unimodal
2834,sub-39,4,0.3801666703646122,0,1,unimodal
2835,sub-39,4,0.4750954596323877,1,1,unimodal
2836,sub-39,5,0.5124336407370579,0,1,unimodal
2837,sub-39,5,0.5149033635474412,1,1,unimodal
2838,sub-39,6,0.0821151622800062,0,1,unimodal
2839,sub-39,6,0.4541666933833845,1,1,unimodal
2840,sub-39,9,0.0189545678556505,0,0,transmodal
2841,sub-39,9,0.0815584188825159,1,0,transmodal
2842,sub-39,10,0.0843145726743787,0,0,transmodal
2843,sub-39,10,0.0805584784793894,1,0,transmodal
2844,sub-39,17,0.4668017437189983,0,1,unimodal
2845,sub-39,17,0.486332856408444,1,1,unimodal
2846,sub-39,18,0.0830835783977285,0,1,unimodal
2847,sub-39,18,0.0901986520570649,1,1,unimodal
2848,sub-39,22,0.0864694928208204,0,1,unimodal
2849,sub-39,22,0.0833554011007705,1,1,unimodal
2850,sub-39,24,0.018704082793883,0,0,transmodal
2851,sub-39,24,0.0903044816510694,1,0,transmodal
2852,sub-39,25,0.4130848538800085,0,0,transmodal
2853,sub-39,25,0.3006958968723608,1,0,transmodal
2854,sub-39,32,0.1288690762514868,0,0,transmodal
2855,sub-39,32,0.0853249710663463,1,0,transmodal
2856,sub-39,35,0.2329481602837018,0,1,unimodal
2857,sub-39,35,0.0853041411763413,1,1,unimodal
2858,sub-39,37,0.0844239005417462,0,0,transmodal
2859,sub-39,37,0.0815756806661093,1,0,transmodal
2860,sub-39,43,0.090157966914547,0,0,transmodal
2861,sub-39,43,0.0793050766937286,1,0,transmodal
2862,sub-39,44,0.2694930163033692,0,0,transmodal
2863,sub-39,44,0.6498394211893974,1,0,transmodal
2864,sub-39,50,0.0788668565420307,0,1,unimodal
2865,sub-39,50,0.0134498549692673,1,1,unimodal
2866,sub-39,51,0.078605679592593,0,1,unimodal
2867,sub-39,51,0.2576029719436475,1,1,unimodal
2868,sub-39,52,0.0811568456961515,0,1,unimodal
2869,sub-39,52,0.0822798339991236,1,1,unimodal
2870,sub-39,54,0.2981320896271726,0,1,unimodal
2871,sub-39,54,0.0794492541255568,1,1,unimodal
2872,sub-39,55,0.0787879524539681,0,1,unimodal
2873,sub-39,55,0.049492666844181,1,1,unimodal
2874,sub-39,56,0.5258855030565467,0,0,transmodal
2875,sub-39,56,0.0831842926506381,1,0,transmodal
2876,sub-39,57,0.1271053076590175,0,0,transmodal
2877,sub-39,57,0.0779979195667734,1,0,transmodal
2878,sub-39,58,0.081619369892812,0,0,transmodal
2879,sub-39,58,0.0805728762167817,1,0,transmodal
2880,sub-39,59,0.0429616815161897,0,0,transmodal
2881,sub-39,59,0.0793924706700778,1,0,transmodal
2882,sub-39,65,0.0803249893918802,0,0,transmodal
2883,sub-39,65,0.0842800910579249,1,0,transmodal
2884,sub-39,69,0.2465827464288085,0,0,transmodal
2885,sub-39,69,0.4624360852220912,1,0,transmodal
2886,sub-39,73,0.0557133405728507,0,0,transmodal
2887,sub-39,73,0.0327390798878867,1,0,transmodal
2888,sub-39,78,0.0811681533436363,0,0,transmodal
2889,sub-39,78,0.1177795430027506,1,0,transmodal
2890,sub-39,80,0.2253507170372216,0,0,transmodal
2891,sub-39,80,0.099160205260493,1,0,transmodal
2892,sub-39,87,0.0821809765454091,0,0,transmodal
2893,sub-39,87,0.0831083877902654,1,0,transmodal
2894,sub-39,89,0.0818651667550746,0,0,transmodal
2895,sub-39,89,0.0835942766862506,1,0,transmodal
2896,sub-39,90,0.3050102118362871,0,0,transmodal
2897,sub-39,90,0.5485102345987887,1,0,transmodal
2898,sub-39,95,0.0872714573387201,0,0,transmodal
2899,sub-39,95,0.0916030461421898,1,0,transmodal
2900,sub-39,96,0.2668130659922046,0,0,transmodal
2901,sub-39,96,0.0825662092228738,1,0,transmodal
2902,sub-39,100,0.081045825785553,0,1,unimodal
2903,sub-39,100,0.0782789079892407,1,1,unimodal
2904,sub-39,102,0.0805397389131509,0,1,unimodal
2905,sub-39,102,0.0805285172253781,1,1,unimodal
2906,sub-39,104,0.0813023077686119,0,0,transmodal
2907,sub-39,104,0.0797131767436351,1,0,transmodal
2908,sub-39,106,0.080079287403619,0,1,unimodal
2909,sub-39,106,0.2605248701407549,1,1,unimodal
2910,sub-39,113,0.0799783753102854,0,0,transmodal
2911,sub-39,113,0.0788331661599975,1,0,transmodal
2912,sub-39,118,0.0852564086221324,0,0,transmodal
2913,sub-39,118,0.0795221188639557,1,0,transmodal
2914,sub-39,124,0.092711953372444,0,0,transmodal
2915,sub-39,124,0.1632352456279866,1,0,transmodal
2916,sub-39,126,0.0879282843327716,0,0,transmodal
2917,sub-39,126,0.0825707846759114,1,0,transmodal
2918,sub-39,130,0.1336230857538206,0,0,transmodal
2919,sub-39,130,0.5772615060762151,1,0,transmodal
2920,sub-39,133,0.0854291065405625,0,0,transmodal
2921,sub-39,133,0.092948951907394,1,0,transmodal
2922,sub-39,134,0.0790168300515681,0,0,transmodal
2923,sub-39,134,0.0820829919059659,1,0,transmodal
2924,sub-39,142,0.7632451490183565,0,0,transmodal
2925,sub-39,142,0.3522166511924501,1,0,transmodal
2926,sub-39,144,0.0850924212988041,0,0,transmodal
2927,sub-39,144,0.0818127162929445,1,0,transmodal
2928,sub-39,145,0.0159356202707561,0,0,transmodal
2929,sub-39,145,0.0884176829354468,1,0,transmodal
2930,sub-39,147,0.0830700108907613,0,0,transmodal
2931,sub-39,147,0.0817937682720745,1,0,transmodal
2932,sub-39,151,0.2998230152750518,0,1,unimodal
2933,sub-39,151,0.0880034789349641,1,1,unimodal
2934,sub-39,152,0.082712709547284,0,1,unimodal
2935,sub-39,152,0.0812282766397375,1,1,unimodal
2936,sub-39,154,0.0810682833692355,0,0,transmodal
2937,sub-39,154,0.0801912065521258,1,0,transmodal
2938,sub-39,156,0.084248269045236,0,1,unimodal
2939,sub-39,156,0.2986026751232918,1,1,unimodal
2940,sub-39,158,0.0812769319381297,0,1,unimodal
2941,sub-39,158,0.0375265120411557,1,1,unimodal
2942,sub-39,161,0.218969564449733,0,0,transmodal
2943,sub-39,161,0.0824486646846515,1,0,transmodal
2944,sub-39,164,0.0795945013922903,0,0,transmodal
2945,sub-39,164,0.097323346182475,1,0,transmodal
2946,sub-39,171,0.0799271057608947,0,0,transmodal
2947,sub-39,171,0.2324581333474887,1,0,transmodal
2948,sub-39,175,0.0922218875067725,0,0,transmodal
2949,sub-39,175,0.083022721107355,1,0,transmodal
2950,sub-39,176,0.078408209537938,0,0,transmodal
2951,sub-39,176,0.0825625884691158,1,0,transmodal
2952,sub-39,177,0.0879289869688293,0,0,transmodal
2953,sub-39,177,0.0793935631983787,1,0,transmodal
2954,sub-39,180,0.0848326418107082,0,1,unimodal
2955,sub-39,180,0.0966161372409865,1,1,unimodal
2956,sub-39,184,0.3594490810889569,0,1,unimodal
2957,sub-39,184,0.3532527377831863,1,1,unimodal
2958,sub-39,185,0.40130113981273,0,1,unimodal
2959,sub-39,185,0.3609222676339912,1,1,unimodal
2960,sub-39,186,0.3422855950388063,0,1,unimodal
2961,sub-39,186,0.3078813388576906,1,1,unimodal
2962,sub-39,187,0.0315803197829291,0,1,unimodal
2963,sub-39,187,0.0848413102619757,1,1,unimodal
2964,sub-39,192,0.4162548387656987,0,1,unimodal
2965,sub-39,192,0.396251685010875,1,1,unimodal
2966,sub-39,195,0.2627812580483654,0,1,unimodal
2967,sub-39,195,0.103445091983264,1,1,unimodal
2968,sub-39,201,0.3806868216730151,0,1,unimodal
2969,sub-39,201,0.3279573142244783,1,1,unimodal
2970,sub-39,202,0.7741543561311833,0,1,unimodal
2971,sub-39,202,0.0912317176104352,1,1,unimodal
2972,sub-39,203,0.0786777949076653,0,1,unimodal
2973,sub-39,203,0.0765953774560495,1,1,unimodal
2974,sub-39,205,0.2540134741691344,0,0,transmodal
2975,sub-39,205,0.0825050561843536,1,0,transmodal
2976,sub-39,207,0.4702719657273967,0,0,transmodal
2977,sub-39,207,0.3099247147330491,1,0,transmodal
2978,sub-39,211,0.0849957858585774,0,0,transmodal
2979,sub-39,211,0.1303606440752656,1,0,transmodal
2980,sub-39,212,0.0827828737444088,0,0,transmodal
2981,sub-39,212,0.0782366112585031,1,0,transmodal
2982,sub-39,220,0.0812894176749265,0,1,unimodal
2983,sub-39,220,0.0856390914199995,1,1,unimodal
2984,sub-39,224,0.5361401660591409,0,0,transmodal
2985,sub-39,224,0.3759583719632066,1,0,transmodal
2986,sub-39,225,0.358187831995337,0,0,transmodal
2987,sub-39,225,0.5443375619764688,1,0,transmodal
2988,sub-39,237,0.0827456021917869,0,0,transmodal
2989,sub-39,237,0.0775304321594005,1,0,transmodal
2990,sub-39,240,0.0789231986561545,0,0,transmodal
2991,sub-39,240,0.0789527431412223,1,0,transmodal
2992,sub-39,244,0.0105668670052271,0,0,transmodal
2993,sub-39,244,0.3291610597030986,1,0,transmodal
2994,sub-39,251,0.1126018699179341,0,0,transmodal
2995,sub-39,251,0.0810886810724301,1,0,transmodal
2996,sub-39,254,0.2377187816108127,0,0,transmodal
2997,sub-39,254,0.0839680952319969,1,0,transmodal
2998,sub-39,260,0.0493875339785182,0,0,transmodal
2999,sub-39,260,0.0803319762186099,1,0,transmodal
3000,sub-39,261,0.0802512213037488,0,0,transmodal
3001,sub-39,261,0.0778660477877694,1,0,transmodal
3002,sub-39,262,0.09009452205403,0,0,transmodal
3003,sub-39,262,0.0801780704742013,1,0,transmodal
3004,sub-39,263,0.4932596598006428,0,0,transmodal
3005,sub-39,263,0.0931462120102277,1,0,transmodal
3006,sub-39,266,0.0345721406374832,0,0,transmodal
3007,sub-39,266,0.084615231296077,1,0,transmodal
3008,sub-39,272,0.0815937848423908,0,0,transmodal
3009,sub-39,272,0.0816463087259324,1,0,transmodal
3010,sub-39,273,0.0776799570811977,0,0,transmodal
3011,sub-39,273,0.079789200941577,1,0,transmodal
3012,sub-39,276,0.0943388402353913,0,0,transmodal
3013,sub-39,276,0.0823557925323916,1,0,transmodal
3014,sub-39,280,0.1928376654982016,0,1,unimodal
3015,sub-39,280,0.0858617478202781,1,1,unimodal
3016,sub-39,282,0.0790076819316777,0,1,unimodal
3017,sub-39,282,0.0825395134800468,1,1,unimodal
3018,sub-39,285,0.0850411928306873,0,0,transmodal
3019,sub-39,285,0.0831508186282884,1,0,transmodal
3020,sub-39,289,0.1855464440807885,0,0,transmodal
3021,sub-39,289,0.0833928291696973,1,0,transmodal
3022,sub-39,290,0.0803473854349625,0,0,transmodal
3023,sub-39,290,0.3087846763076821,1,0,transmodal
3024,sub-39,292,0.0790279936369872,0,0,transmodal
3025,sub-39,292,0.0778586039722878,1,0,transmodal
3026,sub-39,294,0.0531365903401894,0,1,unimodal
3027,sub-39,294,0.0793405940215725,1,1,unimodal
3028,sub-39,295,0.0819925998689223,0,0,transmodal
3029,sub-39,295,0.2881824446722879,1,0,transmodal
3030,sub-39,300,0.0875996529501752,0,1,unimodal
3031,sub-39,300,0.081577752007829,1,1,unimodal
3032,sub-39,303,0.0792907348436481,0,1,unimodal
3033,sub-39,303,0.0806599019104844,1,1,unimodal
3034,sub-39,304,0.0952347565653844,0,0,transmodal
3035,sub-39,304,0.0961180711068341,1,0,transmodal
3036,sub-39,306,0.4986928408209886,0,0,transmodal
3037,sub-39,306,0.0826177409755545,1,0,transmodal
3038,sub-39,307,0.0785776832464865,0,0,transmodal
3039,sub-39,307,0.0797861905907342,1,0,transmodal
3040,sub-39,316,0.9912465618354552,0,0,transmodal
3041,sub-39,316,0.3120933478211671,1,0,transmodal
3042,sub-39,318,0.3035981778372049,0,0,transmodal
3043,sub-39,318,0.0924893124085197,1,0,transmodal
3044,sub-39,319,0.0871032170455404,0,0,transmodal
3045,sub-39,319,0.3770562430052223,1,0,transmodal
3046,sub-39,324,0.5052425739723281,0,0,transmodal
3047,sub-39,324,0.0248787069454161,1,0,transmodal
3048,sub-39,326,0.0366150901514183,0,0,transmodal
3049,sub-39,326,0.0860318916333777,1,0,transmodal
3050,sub-39,328,0.4539475340060506,0,0,transmodal
3051,sub-39,328,0.0979995119847199,1,0,transmodal
3052,sub-39,330,0.4224640195429272,0,0,transmodal
3053,sub-39,330,0.0831383555056611,1,0,transmodal
3054,sub-39,337,0.3005666145449089,0,1,unimodal
3055,sub-39,337,0.4050233471178982,1,1,unimodal
3056,sub-39,338,0.6047560721444432,0,1,unimodal
3057,sub-39,338,0.0924642364323038,1,1,unimodal
3058,sub-39,339,0.0835615071374928,0,1,unimodal
3059,sub-39,339,0.0853402970031611,1,1,unimodal
3060,sub-39,342,0.5892879457590794,0,1,unimodal
3061,sub-39,342,0.1038338202899651,1,1,unimodal
3062,sub-39,343,0.0905905314637093,0,0,transmodal
3063,sub-39,343,0.323562211069925,1,0,transmodal
3064,sub-39,345,0.0784426427878346,0,0,transmodal
3065,sub-39,345,0.0806139477224271,1,0,transmodal
3066,sub-39,346,0.0813541116361626,0,0,transmodal
3067,sub-39,346,0.0797003547136147,1,0,transmodal
3068,sub-39,347,0.0825907388063422,0,1,unimodal
3069,sub-39,347,0.0815315694235086,1,1,unimodal
3070,sub-39,352,0.1197659457061479,0,1,unimodal
3071,sub-39,352,0.078889857182459,1,1,unimodal
3072,sub-39,357,0.0777834121224102,0,0,transmodal
3073,sub-39,357,0.0523774651061396,1,0,transmodal
3074,sub-39,358,0.0105944788219529,0,0,transmodal
3075,sub-39,358,0.0856887484909692,1,0,transmodal
3076,sub-4,1,0.040870940040053,0,1,unimodal
3077,sub-4,1,0.0788208669582255,1,1,unimodal
3078,sub-4,4,0.5543243826134792,0,1,unimodal
3079,sub-4,4,0.0814041865804541,1,1,unimodal
3080,sub-4,8,0.141755263214602,0,1,unimodal
3081,sub-4,8,0.0824006685586087,1,1,unimodal
3082,sub-4,9,0.0854415905347939,0,0,transmodal
3083,sub-4,9,0.0822133326872883,1,0,transmodal
3084,sub-4,13,0.2519215552722706,0,0,transmodal
3085,sub-4,13,0.091614857432756,1,0,transmodal
3086,sub-4,15,0.0912137949009554,0,1,unimodal
3087,sub-4,15,0.0894720888558737,1,1,unimodal
3088,sub-4,16,0.0139736116033221,0,1,unimodal
3089,sub-4,16,0.0853695458691651,1,1,unimodal
3090,sub-4,18,0.0858867465602384,0,1,unimodal
3091,sub-4,18,0.0323503237698102,1,1,unimodal
3092,sub-4,19,0.0794048218501218,0,1,unimodal
3093,sub-4,19,0.086711654326537,1,1,unimodal
3094,sub-4,22,0.0802003431260895,0,1,unimodal
3095,sub-4,22,0.0794553217410489,1,1,unimodal
3096,sub-4,24,0.2421506407918305,0,0,transmodal
3097,sub-4,24,0.4970116423501101,1,0,transmodal
3098,sub-4,26,0.6072318679320988,0,0,transmodal
3099,sub-4,26,0.1058176633939622,1,0,transmodal
3100,sub-4,28,0.0404431020903699,0,0,transmodal
3101,sub-4,28,0.5126116000258533,1,0,transmodal
3102,sub-4,29,0.8322087264592815,0,0,transmodal
3103,sub-4,29,0.7417043006932356,1,0,transmodal
3104,sub-4,32,0.6308787226024702,0,0,transmodal
3105,sub-4,32,0.3079699481721932,1,0,transmodal
3106,sub-4,33,0.8348596894261678,0,0,transmodal
3107,sub-4,33,0.6836155882172268,1,0,transmodal
3108,sub-4,34,0.937834547847218,0,0,transmodal
3109,sub-4,34,0.7562487402288659,1,0,transmodal
3110,sub-4,36,0.078190008560266,0,0,transmodal
3111,sub-4,36,0.0424207209192511,1,0,transmodal
3112,sub-4,37,0.0827903505329612,0,0,transmodal
3113,sub-4,37,0.0798245651940341,1,0,transmodal
3114,sub-4,40,0.080445424887507,0,1,unimodal
3115,sub-4,40,0.0785988185290484,1,1,unimodal
3116,sub-4,42,0.0799463386628477,0,0,transmodal
3117,sub-4,42,0.204468824146358,1,0,transmodal
3118,sub-4,50,0.1306326770875711,0,1,unimodal
3119,sub-4,50,0.0871057708283164,1,1,unimodal
3120,sub-4,52,0.0815135469924514,0,1,unimodal
3121,sub-4,52,0.0808168493446787,1,1,unimodal
3122,sub-4,54,0.0230376485834232,0,1,unimodal
3123,sub-4,54,0.0811831897878248,1,1,unimodal
3124,sub-4,55,0.081839062176734,0,1,unimodal
3125,sub-4,55,0.080851431760817,1,1,unimodal
3126,sub-4,56,0.0806985495075432,0,0,transmodal
3127,sub-4,56,0.0804305867485364,1,0,transmodal
3128,sub-4,58,0.0838357769851924,0,0,transmodal
3129,sub-4,58,0.0928435885407268,1,0,transmodal
3130,sub-4,59,0.0818296706101702,0,0,transmodal
3131,sub-4,59,0.0860822226972469,1,0,transmodal
3132,sub-4,62,0.0852347451723971,0,0,transmodal
3133,sub-4,62,0.0815191674656846,1,0,transmodal
3134,sub-4,64,0.0909394110049944,0,0,transmodal
3135,sub-4,64,0.2906482096829155,1,0,transmodal
3136,sub-4,68,0.6437868792046146,0,0,transmodal
3137,sub-4,68,0.5016329262740647,1,0,transmodal
3138,sub-4,70,0.4498918235000047,0,0,transmodal
3139,sub-4,70,0.59854933292658,1,0,transmodal
3140,sub-4,71,0.5390123003757894,0,0,transmodal
3141,sub-4,71,0.6096666485267499,1,0,transmodal
3142,sub-4,73,0.0808689035441584,0,0,transmodal
3143,sub-4,73,0.4240702966207074,1,0,transmodal
3144,sub-4,74,0.3245062313802985,0,0,transmodal
3145,sub-4,74,0.4275370412020773,1,0,transmodal
3146,sub-4,75,0.0297801676017553,0,0,transmodal
3147,sub-4,75,0.080883832613455,1,0,transmodal
3148,sub-4,78,0.0792410758804137,0,0,transmodal
3149,sub-4,78,0.0824580226099568,1,0,transmodal
3150,sub-4,79,0.0826576476404278,0,0,transmodal
3151,sub-4,79,0.0889612319899827,1,0,transmodal
3152,sub-4,81,0.0849421978767477,0,0,transmodal
3153,sub-4,81,0.344567997498814,1,0,transmodal
3154,sub-4,82,0.0812751431267531,0,0,transmodal
3155,sub-4,82,0.2395858680963905,1,0,transmodal
3156,sub-4,83,0.3399780973334404,0,0,transmodal
3157,sub-4,83,0.2799817102424676,1,0,transmodal
3158,sub-4,84,0.580309333376127,0,0,transmodal
3159,sub-4,84,0.5525349859374912,1,0,transmodal
3160,sub-4,85,0.0361708374401382,0,0,transmodal
3161,sub-4,85,0.0805256071400672,1,0,transmodal
3162,sub-4,89,0.4418240335294184,0,0,transmodal
3163,sub-4,89,0.4467753661726402,1,0,transmodal
3164,sub-4,93,0.0798071527764545,0,0,transmodal
3165,sub-4,93,0.0365225034722469,1,0,transmodal
3166,sub-4,97,0.0664675913127193,0,0,transmodal
3167,sub-4,97,0.3173841710817905,1,0,transmodal
3168,sub-4,98,0.0891040611093515,0,0,transmodal
3169,sub-4,98,0.04889883635929,1,0,transmodal
3170,sub-4,99,0.0817164032190114,0,1,unimodal
3171,sub-4,99,0.0789284445657566,1,1,unimodal
3172,sub-4,101,0.0246691277618917,0,1,unimodal
3173,sub-4,101,0.0779984663641062,1,1,unimodal
3174,sub-4,102,0.0784642136505377,0,1,unimodal
3175,sub-4,102,0.0788418906780606,1,1,unimodal
3176,sub-4,104,0.02969056203686,0,0,transmodal
3177,sub-4,104,0.0952882304026552,1,0,transmodal
3178,sub-4,105,0.0830117114753081,0,0,transmodal
3179,sub-4,105,0.0802993408017251,1,0,transmodal
3180,sub-4,107,0.0863222708858309,0,0,transmodal
3181,sub-4,107,0.0847114730503885,1,0,transmodal
3182,sub-4,108,0.0232346091230761,0,0,transmodal
3183,sub-4,108,0.0808090062965072,1,0,transmodal
3184,sub-4,109,0.0823376863026195,0,0,transmodal
3185,sub-4,109,0.1462013695528505,1,0,transmodal
3186,sub-4,111,0.0784351297134882,0,0,transmodal
3187,sub-4,111,0.080938633094287,1,0,transmodal
3188,sub-4,112,0.0625149143038052,0,0,transmodal
3189,sub-4,112,0.0514726958363671,1,0,transmodal
3190,sub-4,114,0.0804010981085706,0,1,unimodal
3191,sub-4,114,0.0830628656809616,1,1,unimodal
3192,sub-4,118,0.0827680947809436,0,0,transmodal
3193,sub-4,118,0.0951175176261556,1,0,transmodal
3194,sub-4,119,0.0824179050577251,0,0,transmodal
3195,sub-4,119,0.6446067404675466,1,0,transmodal
3196,sub-4,120,0.1826436603413816,0,1,unimodal
3197,sub-4,120,0.0975447425327748,1,1,unimodal
3198,sub-4,121,0.0812845717544788,0,0,transmodal
3199,sub-4,121,0.0784999948537825,1,0,transmodal
3200,sub-4,122,0.0782086543513375,0,0,transmodal
3201,sub-4,122,0.0844225659921744,1,0,transmodal
3202,sub-4,123,0.0789432116684652,0,1,unimodal
3203,sub-4,123,0.0806335977930016,1,1,unimodal
3204,sub-4,124,0.0842495233464674,0,0,transmodal
3205,sub-4,124,0.0884373118153209,1,0,transmodal
3206,sub-4,127,0.0900139666408779,0,0,transmodal
3207,sub-4,127,0.0781183472166258,1,0,transmodal
3208,sub-4,129,0.6198419706975764,0,0,transmodal
3209,sub-4,129,0.2436645003559015,1,0,transmodal
3210,sub-4,134,0.0783643912616216,0,0,transmodal
3211,sub-4,134,0.0793967326900723,1,0,transmodal
3212,sub-4,137,0.0788470295347159,0,1,unimodal
3213,sub-4,137,0.0901098971881277,1,1,unimodal
3214,sub-4,141,0.0820179784444694,0,1,unimodal
3215,sub-4,141,0.2346609796260416,1,1,unimodal
3216,sub-4,142,0.0798098252454937,0,0,transmodal
3217,sub-4,142,0.0853043341479184,1,0,transmodal
3218,sub-4,147,0.2695510139572405,0,0,transmodal
3219,sub-4,147,0.2958880384916542,1,0,transmodal
3220,sub-4,148,0.4658939810846271,0,0,transmodal
3221,sub-4,148,0.4155652362687839,1,0,transmodal
3222,sub-4,149,0.6857050703462986,0,0,transmodal
3223,sub-4,149,0.6495245263204851,1,0,transmodal
3224,sub-4,150,0.5518727244985241,0,0,transmodal
3225,sub-4,150,0.4554110122878096,1,0,transmodal
3226,sub-4,151,0.0809366151993649,0,1,unimodal
3227,sub-4,151,0.0252682760280717,1,1,unimodal
3228,sub-4,152,0.0803315893330692,0,1,unimodal
3229,sub-4,152,0.0982840355022546,1,1,unimodal
3230,sub-4,155,0.0872613474789941,0,1,unimodal
3231,sub-4,155,0.080541957465091,1,1,unimodal
3232,sub-4,159,0.0804065046609675,0,1,unimodal
3233,sub-4,159,0.0801174461837167,1,1,unimodal
3234,sub-4,160,0.8718744695440257,0,0,transmodal
3235,sub-4,160,0.9542097102632204,1,0,transmodal
3236,sub-4,167,0.0970471355086056,0,1,unimodal
3237,sub-4,167,0.0808371153764365,1,1,unimodal
3238,sub-4,168,0.0820768505135379,0,0,transmodal
3239,sub-4,168,0.0813848467333003,1,0,transmodal
3240,sub-4,170,0.3462016012240433,0,0,transmodal
3241,sub-4,170,0.0969865598267488,1,0,transmodal
3242,sub-4,171,0.226919057772486,0,0,transmodal
3243,sub-4,171,0.4128202049650064,1,0,transmodal
3244,sub-4,172,0.0788217412511149,0,1,unimodal
3245,sub-4,172,0.0840605682605462,1,1,unimodal
3246,sub-4,173,0.0607323395655597,0,1,unimodal
3247,sub-4,173,0.0804680240960225,1,1,unimodal
3248,sub-4,175,0.0791535349136856,0,0,transmodal
3249,sub-4,175,0.0786745704625833,1,0,transmodal
3250,sub-4,177,0.0816349022693785,0,0,transmodal
3251,sub-4,177,0.0240472439870481,1,0,transmodal
3252,sub-4,178,0.090672816746934,0,0,transmodal
3253,sub-4,178,0.049159033900095,1,0,transmodal
3254,sub-4,181,0.0844048399427488,0,1,unimodal
3255,sub-4,181,0.1080444666470227,1,1,unimodal
3256,sub-4,182,0.2693346895532757,0,1,unimodal
3257,sub-4,182,0.0820925565833535,1,1,unimodal
3258,sub-4,183,0.6340491279145098,0,1,unimodal
3259,sub-4,183,0.087882702797409,1,1,unimodal
3260,sub-4,184,0.6568719818129782,0,1,unimodal
3261,sub-4,184,0.0809874688175876,1,1,unimodal
3262,sub-4,185,0.62474594013767,0,1,unimodal
3263,sub-4,185,0.0844051549070838,1,1,unimodal
3264,sub-4,189,0.3936771640027155,0,0,transmodal
3265,sub-4,189,0.0862030278623932,1,0,transmodal
3266,sub-4,191,0.0901519114434855,0,0,transmodal
3267,sub-4,191,0.0928818536317711,1,0,transmodal
3268,sub-4,195,0.0555499648306637,0,1,unimodal
3269,sub-4,195,0.2946681033648918,1,1,unimodal
3270,sub-4,196,0.0825415861831662,0,1,unimodal
3271,sub-4,196,0.0822506117307044,1,1,unimodal
3272,sub-4,199,0.0269542562598828,0,1,unimodal
3273,sub-4,199,0.0807360379036432,1,1,unimodal
3274,sub-4,200,0.550086204138666,0,1,unimodal
3275,sub-4,200,0.0831929399192044,1,1,unimodal
3276,sub-4,201,0.0552180181450275,0,1,unimodal
3277,sub-4,201,0.031943697844651,1,1,unimodal
3278,sub-4,205,0.0872540547702028,0,0,transmodal
3279,sub-4,205,0.3993926971657668,1,0,transmodal
3280,sub-4,206,0.1370172283420026,0,0,transmodal
3281,sub-4,206,0.0843403870612125,1,0,transmodal
3282,sub-4,208,0.4480841920205534,0,0,transmodal
3283,sub-4,208,0.4119048932372921,1,0,transmodal
3284,sub-4,209,0.6295679898469707,0,0,transmodal
3285,sub-4,209,0.5872198271597561,1,0,transmodal
3286,sub-4,212,0.645415257474167,0,0,transmodal
3287,sub-4,212,0.3518728375539398,1,0,transmodal
3288,sub-4,213,0.5466845269701075,0,0,transmodal
3289,sub-4,213,0.3081198539471417,1,0,transmodal
3290,sub-4,214,0.7670835309579056,0,0,transmodal
3291,sub-4,214,0.5492162423619549,1,0,transmodal
3292,sub-4,219,0.079398803142423,0,1,unimodal
3293,sub-4,219,0.0861436796632245,1,1,unimodal
3294,sub-4,220,0.0795883774106481,0,1,unimodal
3295,sub-4,220,0.2317519602587293,1,1,unimodal
3296,sub-4,221,0.0844312644008171,0,1,unimodal
3297,sub-4,221,0.0786331259475845,1,1,unimodal
3298,sub-4,228,0.3084494292135566,0,1,unimodal
3299,sub-4,228,0.0823264372998593,1,1,unimodal
3300,sub-4,229,0.5516320702368219,0,0,transmodal
3301,sub-4,229,0.5559420071497849,1,0,transmodal
3302,sub-4,235,0.0442755485546358,0,1,unimodal
3303,sub-4,235,0.0918772065870217,1,1,unimodal
3304,sub-4,237,0.0852744539332068,0,0,transmodal
3305,sub-4,237,0.0793139701850699,1,0,transmodal
3306,sub-4,248,0.0169283916696161,0,0,transmodal
3307,sub-4,248,0.4622667137799015,1,0,transmodal
3308,sub-4,249,0.7173249861617643,0,0,transmodal
3309,sub-4,249,0.3151319900281457,1,0,transmodal
3310,sub-4,251,0.2586051239909152,0,0,transmodal
3311,sub-4,251,0.3913570551362155,1,0,transmodal
3312,sub-4,252,0.0850648220029323,0,0,transmodal
3313,sub-4,252,0.0805775946834386,1,0,transmodal
3314,sub-4,261,0.0128034474055497,0,0,transmodal
3315,sub-4,261,0.0806849331001293,1,0,transmodal
3316,sub-4,263,0.5657941521162904,0,0,transmodal
3317,sub-4,263,1.1139508878817628,1,0,transmodal
3318,sub-4,264,0.6002900565808467,0,0,transmodal
3319,sub-4,264,0.5873521518568828,1,0,transmodal
3320,sub-4,265,0.3612988092390125,0,0,transmodal
3321,sub-4,265,0.0941169141777025,1,0,transmodal
3322,sub-4,267,0.1495994440127548,0,0,transmodal
3323,sub-4,267,0.0251172190856977,1,0,transmodal
3324,sub-4,272,0.0805131060391899,0,0,transmodal
3325,sub-4,272,0.0808761553792873,1,0,transmodal
3326,sub-4,274,0.0109666629656689,0,0,transmodal
3327,sub-4,274,0.0876987825387325,1,0,transmodal
3328,sub-4,276,0.4998671172343911,0,0,transmodal
3329,sub-4,276,0.0955265252137396,1,0,transmodal
3330,sub-4,279,0.0807860386025346,0,1,unimodal
3331,sub-4,279,0.0813177233400871,1,1,unimodal
3332,sub-4,284,0.0806270221106562,0,0,transmodal
3333,sub-4,284,0.0786658158441825,1,0,transmodal
3334,sub-4,285,0.0854712823300907,0,0,transmodal
3335,sub-4,285,0.0810594327219753,1,0,transmodal
3336,sub-4,286,0.3003046357614476,0,1,unimodal
3337,sub-4,286,0.0867874438833147,1,1,unimodal
3338,sub-4,287,0.0872573154209518,0,0,transmodal
3339,sub-4,287,0.0793330181336843,1,0,transmodal
3340,sub-4,288,0.1087795339292815,0,0,transmodal
3341,sub-4,288,0.0867717320838505,1,0,transmodal
3342,sub-4,294,0.3040290695010986,0,1,unimodal
3343,sub-4,294,0.0793310715205552,1,1,unimodal
3344,sub-4,299,0.080414126512012,0,0,transmodal
3345,sub-4,299,0.2537053356590986,1,0,transmodal
3346,sub-4,309,0.4888527418673937,0,0,transmodal
3347,sub-4,309,0.0866618675629699,1,0,transmodal
3348,sub-4,311,0.5465339663303456,0,0,transmodal
3349,sub-4,311,0.0800583612275628,1,0,transmodal
3350,sub-4,313,0.0212085710121762,0,0,transmodal
3351,sub-4,313,0.0804349040387055,1,0,transmodal
3352,sub-4,315,0.0840684858673477,0,0,transmodal
3353,sub-4,315,0.0870935777459376,1,0,transmodal
3354,sub-4,317,0.1197170158755811,0,1,unimodal
3355,sub-4,317,0.0811473444332172,1,1,unimodal
3356,sub-4,322,0.113574032630329,0,0,transmodal
3357,sub-4,322,0.3032521906742272,1,0,transmodal
3358,sub-4,323,0.1367442726594795,0,0,transmodal
3359,sub-4,323,0.49172756974774,1,0,transmodal
3360,sub-4,324,0.0971864012213246,0,0,transmodal
3361,sub-4,324,0.2774622968446286,1,0,transmodal
3362,sub-4,327,0.3729285188484074,0,0,transmodal
3363,sub-4,327,0.8354437571443657,1,0,transmodal
3364,sub-4,329,0.6044706493917811,0,0,transmodal
3365,sub-4,329,0.0889187166550733,1,0,transmodal
3366,sub-4,334,0.080900411965997,0,0,transmodal
3367,sub-4,334,0.0833872695572463,1,0,transmodal
3368,sub-4,335,0.2522277134441643,0,1,unimodal
3369,sub-4,335,0.0893784834617228,1,1,unimodal
3370,sub-4,339,0.0783613556729003,0,1,unimodal
3371,sub-4,339,0.081757117397374,1,1,unimodal
3372,sub-4,340,0.8377392198228029,0,0,transmodal
3373,sub-4,340,0.6295132898463096,1,0,transmodal
3374,sub-4,350,0.4290489399260252,0,0,transmodal
3375,sub-4,350,0.0206072723403948,1,0,transmodal
3376,sub-4,358,0.0855741996360784,0,0,transmodal
3377,sub-4,358,0.0555272505892074,1,0,transmodal
3378,sub-5,3,0.0456782193452523,0,1,unimodal
3379,sub-5,3,0.081647039784251,1,1,unimodal
3380,sub-5,5,0.078883499106861,0,1,unimodal
3381,sub-5,5,0.0780908580511087,1,1,unimodal
3382,sub-5,7,0.080921208382208,0,1,unimodal
3383,sub-5,7,0.3867114297991393,1,1,unimodal
3384,sub-5,8,0.0824012335525201,0,1,unimodal
3385,sub-5,8,0.4683025366107501,1,1,unimodal
3386,sub-5,12,0.0782599608140564,0,1,unimodal
3387,sub-5,12,0.081739758531741,1,1,unimodal
3388,sub-5,14,0.0813431785540501,0,0,transmodal
3389,sub-5,14,0.1041766681524669,1,0,transmodal
3390,sub-5,16,0.0807142872614812,0,1,unimodal
3391,sub-5,16,0.0825699894795265,1,1,unimodal
3392,sub-5,17,0.0858040822030475,0,1,unimodal
3393,sub-5,17,0.3132995857087337,1,1,unimodal
3394,sub-5,18,0.081418389312686,0,1,unimodal
3395,sub-5,18,0.0803469537541991,1,1,unimodal
3396,sub-5,20,0.0418960873273229,0,1,unimodal
3397,sub-5,20,0.0799060673576064,1,1,unimodal
3398,sub-5,23,0.0832151265695007,0,1,unimodal
3399,sub-5,23,0.0775176899274688,1,1,unimodal
3400,sub-5,24,0.0811060275736637,0,0,transmodal
3401,sub-5,24,0.0790310075095125,1,0,transmodal
3402,sub-5,26,0.0786168137098963,0,0,transmodal
3403,sub-5,26,0.09618894203267,1,0,transmodal
3404,sub-5,27,0.0813994682788419,0,0,transmodal
3405,sub-5,27,0.0803958318113146,1,0,transmodal
3406,sub-5,28,0.0849253454043172,0,0,transmodal
3407,sub-5,28,0.0294910015671498,1,0,transmodal
3408,sub-5,30,0.0820450893170261,0,0,transmodal
3409,sub-5,30,0.0943624002539635,1,0,transmodal
3410,sub-5,31,0.0803980216491029,0,0,transmodal
3411,sub-5,31,0.0847877830609122,1,0,transmodal
3412,sub-5,34,0.0544622102878139,0,0,transmodal
3413,sub-5,34,0.2976867725762108,1,0,transmodal
3414,sub-5,35,0.0811601967615971,0,1,unimodal
3415,sub-5,35,0.0822354590159377,1,1,unimodal
3416,sub-5,36,0.092154440386426,0,0,transmodal
3417,sub-5,36,0.0800154644460356,1,0,transmodal
3418,sub-5,37,0.0878539552066022,0,0,transmodal
3419,sub-5,37,0.0806359384130917,1,0,transmodal
3420,sub-5,38,0.0798898842338941,0,1,unimodal
3421,sub-5,38,0.0827439264067506,1,1,unimodal
3422,sub-5,41,0.0802646844877418,0,1,unimodal
3423,sub-5,41,0.1731338601335058,1,1,unimodal
3424,sub-5,44,0.0802276063406306,0,0,transmodal
3425,sub-5,44,0.3786335185923834,1,0,transmodal
3426,sub-5,45,0.0466679432788535,0,0,transmodal
3427,sub-5,45,0.3023330458644044,1,0,transmodal
3428,sub-5,48,0.0101952439066763,0,1,unimodal
3429,sub-5,48,0.0976195418551267,1,1,unimodal
3430,sub-5,50,0.0797016981686045,0,1,unimodal
3431,sub-5,50,0.4278945286047578,1,1,unimodal
3432,sub-5,51,0.0143103920401506,0,1,unimodal
3433,sub-5,51,0.3645050724643665,1,1,unimodal
3434,sub-5,52,0.0909710255174388,0,1,unimodal
3435,sub-5,52,0.3895117045772222,1,1,unimodal
3436,sub-5,54,0.0827318714104235,0,1,unimodal
3437,sub-5,54,0.0804935692971875,1,1,unimodal
3438,sub-5,55,0.0943296949102377,0,1,unimodal
3439,sub-5,55,0.0853945886541706,1,1,unimodal
3440,sub-5,56,0.0807192354847654,0,0,transmodal
3441,sub-5,56,0.0818845470998539,1,0,transmodal
3442,sub-5,58,0.0879026697422357,0,0,transmodal
3443,sub-5,58,0.0826385868212502,1,0,transmodal
3444,sub-5,60,0.0856470152467514,0,0,transmodal
3445,sub-5,60,0.829247204092246,1,0,transmodal
3446,sub-5,61,0.0814219808885082,0,0,transmodal
3447,sub-5,61,0.0811344756358234,1,0,transmodal
3448,sub-5,64,0.0870313571793699,0,0,transmodal
3449,sub-5,64,0.4347036213808335,1,0,transmodal
3450,sub-5,70,0.0842707902252983,0,0,transmodal
3451,sub-5,70,0.2052345292023168,1,0,transmodal
3452,sub-5,79,0.0807618332554143,0,0,transmodal
3453,sub-5,79,0.0795920458006153,1,0,transmodal
3454,sub-5,80,0.0817720296837032,0,0,transmodal
3455,sub-5,80,0.4162767498181513,1,0,transmodal
3456,sub-5,92,0.0767734154132845,0,0,transmodal
3457,sub-5,92,0.079220649836433,1,0,transmodal
3458,sub-5,93,0.0791353872996926,0,0,transmodal
3459,sub-5,93,0.228112346125277,1,0,transmodal
3460,sub-5,99,0.0970894022951828,0,1,unimodal
3461,sub-5,99,0.3882573524401363,1,1,unimodal
3462,sub-5,101,0.0812667106702062,0,1,unimodal
3463,sub-5,101,0.2175959288001573,1,1,unimodal
3464,sub-5,102,0.0788544767877632,0,1,unimodal
3465,sub-5,102,0.0781013241659369,1,1,unimodal
3466,sub-5,104,0.0860402455737767,0,0,transmodal
3467,sub-5,104,0.0807591718300587,1,0,transmodal
3468,sub-5,105,0.0772170197592215,0,0,transmodal
3469,sub-5,105,0.0789447901862963,1,0,transmodal
3470,sub-5,109,0.0805767922257936,0,0,transmodal
3471,sub-5,109,0.0806513626321493,1,0,transmodal
3472,sub-5,111,0.0809921193113179,0,0,transmodal
3473,sub-5,111,0.0812754986852082,1,0,transmodal
3474,sub-5,112,0.0863252337755244,0,0,transmodal
3475,sub-5,112,0.2656949559378331,1,0,transmodal
3476,sub-5,113,0.0238785612037799,0,0,transmodal
3477,sub-5,113,0.082606415140628,1,0,transmodal
3478,sub-5,115,0.0826557048644552,0,0,transmodal
3479,sub-5,115,0.2217471458849321,1,0,transmodal
3480,sub-5,116,0.0832759965786831,0,0,transmodal
3481,sub-5,116,0.0249631122878307,1,0,transmodal
3482,sub-5,118,0.0700046435303054,0,0,transmodal
3483,sub-5,118,0.0798307542839846,1,0,transmodal
3484,sub-5,121,0.0807345804235953,0,0,transmodal
3485,sub-5,121,0.0122894141095336,1,0,transmodal
3486,sub-5,122,0.0787323590860363,0,0,transmodal
3487,sub-5,122,0.0814950653085494,1,0,transmodal
3488,sub-5,126,0.0145486594390548,0,0,transmodal
3489,sub-5,126,0.0795201956396918,1,0,transmodal
3490,sub-5,134,0.0465941261559522,0,0,transmodal
3491,sub-5,134,0.0854134254037921,1,0,transmodal
3492,sub-5,135,0.0825313647574559,0,0,transmodal
3493,sub-5,135,0.0856532667811588,1,0,transmodal
3494,sub-5,136,0.0794697564704304,0,0,transmodal
3495,sub-5,136,0.0840078703769354,1,0,transmodal
3496,sub-5,139,0.0481417753623724,0,0,transmodal
3497,sub-5,139,0.091716119164707,1,0,transmodal
3498,sub-5,140,0.0796471422237948,0,0,transmodal
3499,sub-5,140,0.0155480423114535,1,0,transmodal
3500,sub-5,141,0.0798907064010756,0,1,unimodal
3501,sub-5,141,0.0821888957633128,1,1,unimodal
3502,sub-5,143,0.088550340354723,0,0,transmodal
3503,sub-5,143,0.2276921931964892,1,0,transmodal
3504,sub-5,147,0.0842432202310514,0,0,transmodal
3505,sub-5,147,0.085248503451552,1,0,transmodal
3506,sub-5,152,0.0796003170611896,0,1,unimodal
3507,sub-5,152,0.0783812983408726,1,1,unimodal
3508,sub-5,153,0.0789380265999144,0,1,unimodal
3509,sub-5,153,0.079379305563301,1,1,unimodal
3510,sub-5,154,0.0790973367832735,0,0,transmodal
3511,sub-5,154,0.0836957783692639,1,0,transmodal
3512,sub-5,155,0.0815381332436838,0,1,unimodal
3513,sub-5,155,0.0837091274013952,1,1,unimodal
3514,sub-5,156,0.0792651082876901,0,1,unimodal
3515,sub-5,156,0.080195765739631,1,1,unimodal
3516,sub-5,158,0.0807960885829051,0,1,unimodal
3517,sub-5,158,0.089610009552885,1,1,unimodal
3518,sub-5,159,0.0787990230411679,0,1,unimodal
3519,sub-5,159,0.0814849840740953,1,1,unimodal
3520,sub-5,161,0.0817745437673299,0,0,transmodal
3521,sub-5,161,0.0972981339636727,1,0,transmodal
3522,sub-5,162,0.0434686913563189,0,1,unimodal
3523,sub-5,162,0.0817162844927224,1,1,unimodal
3524,sub-5,163,0.0803687257004958,0,0,transmodal
3525,sub-5,163,0.4828164275251496,1,0,transmodal
3526,sub-5,164,0.0783304640951851,0,0,transmodal
3527,sub-5,164,1.4296807454078595,1,0,transmodal
3528,sub-5,166,0.0801402245561345,0,0,transmodal
3529,sub-5,166,0.0774624226214901,1,0,transmodal
3530,sub-5,170,0.0642218643723187,0,0,transmodal
3531,sub-5,170,0.2020315733763472,1,0,transmodal
3532,sub-5,173,0.0814025341508361,0,1,unimodal
3533,sub-5,173,0.0796636664983695,1,1,unimodal
3534,sub-5,175,0.0583595157761069,0,0,transmodal
3535,sub-5,175,0.083347794229943,1,0,transmodal
3536,sub-5,177,0.0807955221136993,0,0,transmodal
3537,sub-5,177,0.0785397022992853,1,0,transmodal
3538,sub-5,178,0.0793513809067432,0,0,transmodal
3539,sub-5,178,0.0798215365911667,1,0,transmodal
3540,sub-5,183,0.0456152345414844,0,1,unimodal
3541,sub-5,183,0.0866972894638575,1,1,unimodal
3542,sub-5,184,0.0786385350637432,0,1,unimodal
3543,sub-5,184,0.0843636996661335,1,1,unimodal
3544,sub-5,186,0.0805745495477349,0,1,unimodal
3545,sub-5,186,0.0801343219355888,1,1,unimodal
3546,sub-5,188,0.2806928008869401,0,1,unimodal
3547,sub-5,188,0.2837132826397608,1,1,unimodal
3548,sub-5,191,0.0795817627227532,0,0,transmodal
3549,sub-5,191,0.0831251908190037,1,0,transmodal
3550,sub-5,192,0.0819936728283518,0,1,unimodal
3551,sub-5,192,0.2226361955355984,1,1,unimodal
3552,sub-5,196,0.0812427346223435,0,1,unimodal
3553,sub-5,196,0.0894287104530149,1,1,unimodal
3554,sub-5,200,0.0791857798542684,0,1,unimodal
3555,sub-5,200,0.0884608873682103,1,1,unimodal
3556,sub-5,201,0.0781383860133465,0,1,unimodal
3557,sub-5,201,0.0823437748354758,1,1,unimodal
3558,sub-5,203,0.0787888263486537,0,1,unimodal
3559,sub-5,203,0.0775280274953592,1,1,unimodal
3560,sub-5,216,0.0786625982250137,0,0,transmodal
3561,sub-5,216,0.0814664858360418,1,0,transmodal
3562,sub-5,217,0.0799990805418337,0,0,transmodal
3563,sub-5,217,0.0155760823344294,1,0,transmodal
3564,sub-5,223,0.0872342263916188,0,0,transmodal
3565,sub-5,223,0.0828254188765159,1,0,transmodal
3566,sub-5,224,0.0800928505322096,0,0,transmodal
3567,sub-5,224,0.0887285342120255,1,0,transmodal
3568,sub-5,225,0.0789360029304113,0,0,transmodal
3569,sub-5,225,0.4828640420202074,1,0,transmodal
3570,sub-5,226,0.0839411962313567,0,1,unimodal
3571,sub-5,226,0.2714454100314635,1,1,unimodal
3572,sub-5,227,0.0795618574678942,0,1,unimodal
3573,sub-5,227,0.0451180074171971,1,1,unimodal
3574,sub-5,228,0.080226529132563,0,1,unimodal
3575,sub-5,228,0.3246293688522046,1,1,unimodal
3576,sub-5,231,0.0795924356456057,0,1,unimodal
3577,sub-5,231,0.4461487923064186,1,1,unimodal
3578,sub-5,235,0.0808723966719127,0,1,unimodal
3579,sub-5,235,0.0380210650360419,1,1,unimodal
3580,sub-5,236,0.0826907347881432,0,0,transmodal
3581,sub-5,236,0.0801876401433176,1,0,transmodal
3582,sub-5,237,0.0796526160597215,0,0,transmodal
3583,sub-5,237,0.0836046233274263,1,0,transmodal
3584,sub-5,239,0.0311780784130464,0,0,transmodal
3585,sub-5,239,0.0775953981006713,1,0,transmodal
3586,sub-5,240,0.0846506382456312,0,0,transmodal
3587,sub-5,240,0.7471236389635795,1,0,transmodal
3588,sub-5,241,0.0786668126947823,0,0,transmodal
3589,sub-5,241,0.0817602302830474,1,0,transmodal
3590,sub-5,242,0.0499900717751008,0,0,transmodal
3591,sub-5,242,0.0839706661774498,1,0,transmodal
3592,sub-5,257,0.0830067924921793,0,0,transmodal
3593,sub-5,257,0.1035036438981992,1,0,transmodal
3594,sub-5,261,0.079700096116985,0,0,transmodal
3595,sub-5,261,0.029216021084273,1,0,transmodal
3596,sub-5,264,0.0898877734960496,0,0,transmodal
3597,sub-5,264,0.4056316275729641,1,0,transmodal
3598,sub-5,268,0.0889579005536684,0,0,transmodal
3599,sub-5,268,0.0983036381183078,1,0,transmodal
3600,sub-5,270,0.082050579695588,0,0,transmodal
3601,sub-5,270,0.3002059502491194,1,0,transmodal
3602,sub-5,271,0.0814429741621634,0,0,transmodal
3603,sub-5,271,0.0784769529630138,1,0,transmodal
3604,sub-5,274,0.0813407101079025,0,0,transmodal
3605,sub-5,274,0.481536950147714,1,0,transmodal
3606,sub-5,282,0.078007218240062,0,1,unimodal
3607,sub-5,282,0.0794339843203856,1,1,unimodal
3608,sub-5,285,0.083250834908326,0,0,transmodal
3609,sub-5,285,0.1628162187002984,1,0,transmodal
3610,sub-5,286,0.0798857534159177,0,1,unimodal
3611,sub-5,286,0.082218351499808,1,1,unimodal
3612,sub-5,289,0.053841595077583,0,0,transmodal
3613,sub-5,289,0.0816043638933429,1,0,transmodal
3614,sub-5,291,0.0813140296138133,0,0,transmodal
3615,sub-5,291,0.0783467130698313,1,0,transmodal
3616,sub-5,292,0.0776335560402668,0,0,transmodal
3617,sub-5,292,0.2244184984697701,1,0,transmodal
3618,sub-5,293,0.030632708066698,0,0,transmodal
3619,sub-5,293,0.0973579715085155,1,0,transmodal
3620,sub-5,296,0.0860371121345294,0,0,transmodal
3621,sub-5,296,0.4163903101721787,1,0,transmodal
3622,sub-5,297,0.0829819965994448,0,0,transmodal
3623,sub-5,297,0.0801874244128149,1,0,transmodal
3624,sub-5,298,0.0791114222205199,0,0,transmodal
3625,sub-5,298,0.0836708601781124,1,0,transmodal
3626,sub-5,299,0.0794562272333246,0,0,transmodal
3627,sub-5,299,0.0839911613267416,1,0,transmodal
3628,sub-5,301,0.0815439251557026,0,0,transmodal
3629,sub-5,301,0.0830296991079881,1,0,transmodal
3630,sub-5,303,0.0792965201552882,0,1,unimodal
3631,sub-5,303,0.081954552958366,1,1,unimodal
3632,sub-5,305,0.0824537385484708,0,0,transmodal
3633,sub-5,305,0.0820087442443608,1,0,transmodal
3634,sub-5,310,0.0798642689800627,0,0,transmodal
3635,sub-5,310,0.0974202320865317,1,0,transmodal
3636,sub-5,311,0.0816310986195211,0,0,transmodal
3637,sub-5,311,0.213426703967921,1,0,transmodal
3638,sub-5,314,0.0793215902833517,0,0,transmodal
3639,sub-5,314,0.0789331162303618,1,0,transmodal
3640,sub-5,320,0.0819246174650489,0,0,transmodal
3641,sub-5,320,0.5306412721947037,1,0,transmodal
3642,sub-5,322,0.0797200608794266,0,0,transmodal
3643,sub-5,322,0.1024102713561877,1,0,transmodal
3644,sub-5,323,0.0851239800209555,0,0,transmodal
3645,sub-5,323,0.6308981453438144,1,0,transmodal
3646,sub-5,325,0.080946637553197,0,0,transmodal
3647,sub-5,325,0.0538310003356965,1,0,transmodal
3648,sub-5,326,0.0881619606334348,0,0,transmodal
3649,sub-5,326,0.3317856924869364,1,0,transmodal
3650,sub-5,331,0.0785700975767934,0,1,unimodal
3651,sub-5,331,0.2086336701858047,1,1,unimodal
3652,sub-5,332,0.0798971599464186,0,1,unimodal
3653,sub-5,332,0.0794546927873936,1,1,unimodal
3654,sub-5,335,0.0812881134125852,0,1,unimodal
3655,sub-5,335,0.0864683858740923,1,1,unimodal
3656,sub-5,339,0.0793348073097622,0,1,unimodal
3657,sub-5,339,0.0891878076935935,1,1,unimodal
3658,sub-5,348,0.0855037786242742,0,0,transmodal
3659,sub-5,348,0.0830610510516679,1,0,transmodal
3660,sub-5,350,0.0792831497797992,0,0,transmodal
3661,sub-5,350,0.292228863429247,1,0,transmodal
3662,sub-5,351,0.0797796448918188,0,0,transmodal
3663,sub-5,351,0.081657951988824,1,0,transmodal
3664,sub-5,352,0.0510964989900631,0,1,unimodal
3665,sub-5,352,0.0804378744748842,1,1,unimodal
3666,sub-5,357,0.0802952795384399,0,0,transmodal
3667,sub-5,357,0.0819488618107866,1,0,transmodal
3668,sub-5,359,0.0802539639889706,0,0,transmodal
3669,sub-5,359,0.0859981455472516,1,0,transmodal
3670,sub-6,3,0.091614054423406,0,1,unimodal
3671,sub-6,3,0.2754617859578114,1,1,unimodal
3672,sub-6,8,0.089715626799649,0,1,unimodal
3673,sub-6,8,0.0839848608714374,1,1,unimodal
3674,sub-6,10,0.0800707154681959,0,0,transmodal
3675,sub-6,10,0.0810008681933106,1,0,transmodal
3676,sub-6,11,0.2824662242310764,0,0,transmodal
3677,sub-6,11,0.0823961892231826,1,0,transmodal
3678,sub-6,14,0.0824793221122166,0,0,transmodal
3679,sub-6,14,0.0946177241573738,1,0,transmodal
3680,sub-6,17,0.1961571888474294,0,1,unimodal
3681,sub-6,17,0.0962108302049745,1,1,unimodal
3682,sub-6,23,0.079666314204352,0,1,unimodal
3683,sub-6,23,0.0799587855191454,1,1,unimodal
3684,sub-6,31,0.0819342523686671,0,0,transmodal
3685,sub-6,31,0.0806799127211304,1,0,transmodal
3686,sub-6,35,0.0828116852596584,0,1,unimodal
3687,sub-6,35,0.0803556438275518,1,1,unimodal
3688,sub-6,38,0.0790040818737204,0,1,unimodal
3689,sub-6,38,0.0797115742239367,1,1,unimodal
3690,sub-6,39,0.0823559879717051,0,1,unimodal
3691,sub-6,39,0.0842630389932761,1,1,unimodal
3692,sub-6,40,0.0795948880498141,0,1,unimodal
3693,sub-6,40,0.080209080922712,1,1,unimodal
3694,sub-6,47,0.4452697678512152,0,1,unimodal
3695,sub-6,47,0.3575281507432119,1,1,unimodal
3696,sub-6,50,0.0815236207028889,0,1,unimodal
3697,sub-6,50,0.3526347246197142,1,1,unimodal
3698,sub-6,51,0.0793182720602734,0,1,unimodal
3699,sub-6,51,0.0957441524412059,1,1,unimodal
3700,sub-6,52,0.0127133999387967,0,1,unimodal
3701,sub-6,52,0.0805117826193278,1,1,unimodal
3702,sub-6,56,0.0794619250449534,0,0,transmodal
3703,sub-6,56,0.0423401251639118,1,0,transmodal
3704,sub-6,59,0.0784525927581994,0,0,transmodal
3705,sub-6,59,0.5980810588064741,1,0,transmodal
3706,sub-6,60,0.0839203335474463,0,0,transmodal
3707,sub-6,60,0.4265625342172355,1,0,transmodal
3708,sub-6,63,0.1059473592456166,0,0,transmodal
3709,sub-6,63,0.0559422900979218,1,0,transmodal
3710,sub-6,64,0.2943522846850777,0,0,transmodal
3711,sub-6,64,0.2967464654090726,1,0,transmodal
3712,sub-6,66,0.0825389617222563,0,0,transmodal
3713,sub-6,66,0.0524987928090216,1,0,transmodal
3714,sub-6,72,0.0813730831143112,0,0,transmodal
3715,sub-6,72,0.1026776574966064,1,0,transmodal
3716,sub-6,75,0.0817191123865524,0,0,transmodal
3717,sub-6,75,0.0793014964393906,1,0,transmodal
3718,sub-6,84,0.0801500704028772,0,0,transmodal
3719,sub-6,84,0.2238359396576698,1,0,transmodal
3720,sub-6,89,0.0794906693614163,0,0,transmodal
3721,sub-6,89,0.1007654232686959,1,0,transmodal
3722,sub-6,93,0.0800357825252761,0,0,transmodal
3723,sub-6,93,0.0790820488901335,1,0,transmodal
3724,sub-6,96,0.0809439276357878,0,0,transmodal
3725,sub-6,96,0.0955333273085059,1,0,transmodal
3726,sub-6,97,0.0841185802528459,0,0,transmodal
3727,sub-6,97,0.495528118410408,1,0,transmodal
3728,sub-6,103,0.0803858451755621,0,1,unimodal
3729,sub-6,103,0.0806420575845334,1,1,unimodal
3730,sub-6,113,0.0846380389503006,0,0,transmodal
3731,sub-6,113,0.0795123395844383,1,0,transmodal
3732,sub-6,118,0.0786060110016463,0,0,transmodal
3733,sub-6,118,0.0865654032914316,1,0,transmodal
3734,sub-6,119,0.0831584312972866,0,0,transmodal
3735,sub-6,119,0.2302082629149254,1,0,transmodal
3736,sub-6,120,0.0528316406592947,0,1,unimodal
3737,sub-6,120,0.0815312542133593,1,1,unimodal
3738,sub-6,121,0.0816290018383396,0,0,transmodal
3739,sub-6,121,0.4904028616584203,1,0,transmodal
3740,sub-6,123,0.0819089926246557,0,1,unimodal
3741,sub-6,123,0.0827724691099239,1,1,unimodal
3742,sub-6,130,0.3358362700103589,0,0,transmodal
3743,sub-6,130,0.5465052658611301,1,0,transmodal
3744,sub-6,131,0.0860941967206837,0,0,transmodal
3745,sub-6,131,0.8917539540079459,1,0,transmodal
3746,sub-6,132,0.081389435476389,0,0,transmodal
3747,sub-6,132,0.2549057471109648,1,0,transmodal
3748,sub-6,133,0.0918456916763622,0,0,transmodal
3749,sub-6,133,0.080597367833819,1,0,transmodal
3750,sub-6,134,0.0854380629625504,0,0,transmodal
3751,sub-6,134,0.4251522944124689,1,0,transmodal
3752,sub-6,141,0.0840301416188293,0,1,unimodal
3753,sub-6,141,0.1076168001222788,1,1,unimodal
3754,sub-6,142,0.1306496907251398,0,0,transmodal
3755,sub-6,142,0.1907915971212597,1,0,transmodal
3756,sub-6,147,0.092717690862516,0,0,transmodal
3757,sub-6,147,0.4517091168784788,1,0,transmodal
3758,sub-6,148,0.0813184807938461,0,0,transmodal
3759,sub-6,148,0.1183460927266548,1,0,transmodal
3760,sub-6,150,0.0795761839075573,0,0,transmodal
3761,sub-6,150,0.4718234238071225,1,0,transmodal
3762,sub-6,164,0.0794675507314967,0,0,transmodal
3763,sub-6,164,0.5078034797950335,1,0,transmodal
3764,sub-6,165,0.0365804028462878,0,0,transmodal
3765,sub-6,165,0.0800135426226747,1,0,transmodal
3766,sub-6,167,0.0822814867840835,0,1,unimodal
3767,sub-6,167,0.0796023932620279,1,1,unimodal
3768,sub-6,170,0.0812526465783567,0,0,transmodal
3769,sub-6,170,0.0932568238816976,1,0,transmodal
3770,sub-6,172,0.0803588956418592,0,1,unimodal
3771,sub-6,172,0.0806155841457432,1,1,unimodal
3772,sub-6,174,0.0818519482826873,0,1,unimodal
3773,sub-6,174,0.0849110757970773,1,1,unimodal
3774,sub-6,176,0.0808391241713701,0,0,transmodal
3775,sub-6,176,0.0855138601885282,1,0,transmodal
3776,sub-6,179,0.0785272616020177,0,0,transmodal
3777,sub-6,179,0.1082515338682445,1,0,transmodal
3778,sub-6,181,0.1625554702571031,0,1,unimodal
3779,sub-6,181,0.3411868386411007,1,1,unimodal
3780,sub-6,183,0.054129754820043,0,1,unimodal
3781,sub-6,183,0.5139351011842654,1,1,unimodal
3782,sub-6,185,0.2375299903561363,0,1,unimodal
3783,sub-6,185,0.4493659510875138,1,1,unimodal
3784,sub-6,191,0.0825414863369185,0,0,transmodal
3785,sub-6,191,0.0811517665934213,1,0,transmodal
3786,sub-6,195,0.0939721752526542,0,1,unimodal
3787,sub-6,195,0.3711799419360246,1,1,unimodal
3788,sub-6,196,0.5941441010442554,0,1,unimodal
3789,sub-6,196,0.472577272332376,1,1,unimodal
3790,sub-6,197,0.1793933451440172,0,1,unimodal
3791,sub-6,197,0.614328302063324,1,1,unimodal
3792,sub-6,204,0.3407014886233803,0,0,transmodal
3793,sub-6,204,0.5014121755283916,1,0,transmodal
3794,sub-6,206,0.0854044879106089,0,0,transmodal
3795,sub-6,206,0.2671256964318682,1,0,transmodal
3796,sub-6,207,0.0839928918216234,0,0,transmodal
3797,sub-6,207,0.0268893162709379,1,0,transmodal
3798,sub-6,208,0.0832499011498511,0,0,transmodal
3799,sub-6,208,0.7074726636904948,1,0,transmodal
3800,sub-6,214,0.0142241640288586,0,0,transmodal
3801,sub-6,214,0.2242229581655081,1,0,transmodal
3802,sub-6,216,0.0790645740891222,0,0,transmodal
3803,sub-6,216,0.087640389566078,1,0,transmodal
3804,sub-6,218,0.0833997308132601,0,1,unimodal
3805,sub-6,218,0.0861362446073771,1,1,unimodal
3806,sub-6,219,0.0811872310500481,0,1,unimodal
3807,sub-6,219,0.0813562649795939,1,1,unimodal
3808,sub-6,220,0.0810958969797697,0,1,unimodal
3809,sub-6,220,0.0792385258695293,1,1,unimodal
3810,sub-6,224,0.100111967720998,0,0,transmodal
3811,sub-6,224,0.1409422448601364,1,0,transmodal
3812,sub-6,227,0.0376610475339443,0,1,unimodal
3813,sub-6,227,0.5697384283357767,1,1,unimodal
3814,sub-6,229,0.5638172984755783,0,0,transmodal
3815,sub-6,229,0.3304188704803455,1,0,transmodal
3816,sub-6,233,0.0803858526797202,0,1,unimodal
3817,sub-6,233,0.0790214569297758,1,1,unimodal
3818,sub-6,234,0.0816450407562662,0,1,unimodal
3819,sub-6,234,0.0846211314985654,1,1,unimodal
3820,sub-6,236,0.0790731222825885,0,0,transmodal
3821,sub-6,236,0.0829541016488143,1,0,transmodal
3822,sub-6,237,0.0780154599875619,0,0,transmodal
3823,sub-6,237,0.0794475280670002,1,0,transmodal
3824,sub-6,239,0.0792981104546264,0,0,transmodal
3825,sub-6,239,0.0903310739274955,1,0,transmodal
3826,sub-6,244,0.4825612030434212,0,0,transmodal
3827,sub-6,244,0.3775624109231575,1,0,transmodal
3828,sub-6,245,0.0787316085327989,0,0,transmodal
3829,sub-6,245,0.0808285227767959,1,0,transmodal
3830,sub-6,249,0.0691176675580767,0,0,transmodal
3831,sub-6,249,0.6744612754080765,1,0,transmodal
3832,sub-6,253,0.0788307919524222,0,0,transmodal
3833,sub-6,253,0.0157264524306356,1,0,transmodal
3834,sub-6,261,0.0798490429192319,0,0,transmodal
3835,sub-6,261,0.0886103412120724,1,0,transmodal
3836,sub-6,262,0.080188517014795,0,0,transmodal
3837,sub-6,262,0.5498853676689388,1,0,transmodal
3838,sub-6,263,0.2991189411805745,0,0,transmodal
3839,sub-6,263,0.6880415603425619,1,0,transmodal
3840,sub-6,264,0.1894601914579395,0,0,transmodal
3841,sub-6,264,0.5618574745654161,1,0,transmodal
3842,sub-6,265,0.3729500618464523,0,0,transmodal
3843,sub-6,265,0.2303041011134163,1,0,transmodal
3844,sub-6,267,0.1688086928385098,0,0,transmodal
3845,sub-6,267,0.2487908510897521,1,0,transmodal
3846,sub-6,270,0.0805431725179965,0,0,transmodal
3847,sub-6,270,0.0251600895501462,1,0,transmodal
3848,sub-6,271,0.0870313907926985,0,0,transmodal
3849,sub-6,271,0.0816454180147069,1,0,transmodal
3850,sub-6,272,0.0813510760237817,0,0,transmodal
3851,sub-6,272,0.0871327747970032,1,0,transmodal
3852,sub-6,274,0.5685943455319348,0,0,transmodal
3853,sub-6,274,0.6961417479130926,1,0,transmodal
3854,sub-6,276,0.0951284317057379,0,0,transmodal
3855,sub-6,276,0.3725403768958671,1,0,transmodal
3856,sub-6,278,0.0827318926626204,0,0,transmodal
3857,sub-6,278,0.0870256556156183,1,0,transmodal
3858,sub-6,280,0.0789757137078523,0,1,unimodal
3859,sub-6,280,0.0807536668589077,1,1,unimodal
3860,sub-6,281,0.0806740414599366,0,1,unimodal
3861,sub-6,281,0.0810435671722967,1,1,unimodal
3862,sub-6,284,0.0796461848278344,0,0,transmodal
3863,sub-6,284,0.0839617771430908,1,0,transmodal
3864,sub-6,286,0.0797729527178208,0,1,unimodal
3865,sub-6,286,0.0446754721319978,1,1,unimodal
3866,sub-6,291,0.0816322643339403,0,0,transmodal
3867,sub-6,291,0.0847147797218655,1,0,transmodal
3868,sub-6,293,0.0803208453222147,0,0,transmodal
3869,sub-6,293,0.2888368373374403,1,0,transmodal
3870,sub-6,294,0.0797015555598146,0,1,unimodal
3871,sub-6,294,0.3359545439718147,1,1,unimodal
3872,sub-6,295,0.2403410041395262,0,0,transmodal
3873,sub-6,295,0.0308291161925031,1,0,transmodal
3874,sub-6,296,0.094965867074534,0,0,transmodal
3875,sub-6,296,0.2111734156387909,1,0,transmodal
3876,sub-6,297,0.0804463865338593,0,0,transmodal
3877,sub-6,297,0.0849834496380354,1,0,transmodal
3878,sub-6,299,0.0853562975079021,0,0,transmodal
3879,sub-6,299,0.0792697322270987,1,0,transmodal
3880,sub-6,303,0.0786486328240408,0,1,unimodal
3881,sub-6,303,0.0803453085618313,1,1,unimodal
3882,sub-6,307,0.0804682051262483,0,0,transmodal
3883,sub-6,307,0.1436754251754523,1,0,transmodal
3884,sub-6,308,0.1420623976011643,0,0,transmodal
3885,sub-6,308,0.2871070198958859,1,0,transmodal
3886,sub-6,313,0.0786793089461118,0,0,transmodal
3887,sub-6,313,0.2121515554500223,1,0,transmodal
3888,sub-6,321,0.1011519006779655,0,1,unimodal
3889,sub-6,321,0.2533927193823048,1,1,unimodal
3890,sub-6,324,0.4359995835171746,0,0,transmodal
3891,sub-6,324,0.0191716411895451,1,0,transmodal
3892,sub-6,325,0.4535288929276423,0,0,transmodal
3893,sub-6,325,0.0966633418609237,1,0,transmodal
3894,sub-6,327,0.3285852207116955,0,0,transmodal
3895,sub-6,327,0.3404079605925915,1,0,transmodal
3896,sub-6,333,0.0975056346706073,0,1,unimodal
3897,sub-6,333,0.0805486667847774,1,1,unimodal
3898,sub-6,337,0.3549849039523411,0,1,unimodal
3899,sub-6,337,0.3281191357915882,1,1,unimodal
3900,sub-6,341,0.0870099143326103,0,0,transmodal
3901,sub-6,341,0.3066030216851894,1,0,transmodal
3902,sub-6,346,0.0800754343191497,0,0,transmodal
3903,sub-6,346,0.2711134754583045,1,0,transmodal
3904,sub-6,347,0.0470070585203631,0,1,unimodal
3905,sub-6,347,0.0866337898654544,1,1,unimodal
3906,sub-6,348,0.0838779798460117,0,0,transmodal
3907,sub-6,348,0.0797149740601182,1,0,transmodal
3908,sub-6,350,0.078676001007093,0,0,transmodal
3909,sub-6,350,0.2105791872268295,1,0,transmodal
3910,sub-6,355,0.0809141035334252,0,0,transmodal
3911,sub-6,355,0.093658379352905,1,0,transmodal
3912,sub-6,356,0.0900500404759074,0,0,transmodal
3913,sub-6,356,0.0823957483869009,1,0,transmodal
3914,sub-6,358,0.0833159305159573,0,0,transmodal
3915,sub-6,358,0.3208360511419489,1,0,transmodal
3916,sub-6,359,0.0821215110903678,0,0,transmodal
3917,sub-6,359,0.046384932892953,1,0,transmodal
3918,sub-8,1,0.0795638629362168,0,1,unimodal
3919,sub-8,1,0.0788908932810672,1,1,unimodal
3920,sub-8,3,0.0897412310644487,0,1,unimodal
3921,sub-8,3,0.3349769774932825,1,1,unimodal
3922,sub-8,4,0.2460783282632574,0,1,unimodal
3923,sub-8,4,0.5073982146991445,1,1,unimodal
3924,sub-8,7,0.0817222655641052,0,1,unimodal
3925,sub-8,7,0.341118585203793,1,1,unimodal
3926,sub-8,10,0.276977537272915,0,0,transmodal
3927,sub-8,10,0.0818442768231431,1,0,transmodal
3928,sub-8,12,0.2775510795585755,0,1,unimodal
3929,sub-8,12,0.0968230151623953,1,1,unimodal
3930,sub-8,14,0.0892910034100659,0,0,transmodal
3931,sub-8,14,0.0814724670926762,1,0,transmodal
3932,sub-8,16,0.0931907880726972,0,1,unimodal
3933,sub-8,16,0.0819932948100605,1,1,unimodal
3934,sub-8,17,1.2656923594883855,0,1,unimodal
3935,sub-8,17,0.0862540599021575,1,1,unimodal
3936,sub-8,21,0.5913649960779517,0,1,unimodal
3937,sub-8,21,0.0925082297050783,1,1,unimodal
3938,sub-8,22,0.0814787811059725,0,1,unimodal
3939,sub-8,22,0.086385999900088,1,1,unimodal
3940,sub-8,23,0.0793684765191085,0,1,unimodal
3941,sub-8,23,0.0819972985871004,1,1,unimodal
3942,sub-8,25,0.5237871953465394,0,0,transmodal
3943,sub-8,25,0.0268918477527169,1,0,transmodal
3944,sub-8,26,0.0971303765710417,0,0,transmodal
3945,sub-8,26,0.0813786212775007,1,0,transmodal
3946,sub-8,30,0.0941070323659335,0,0,transmodal
3947,sub-8,30,0.0826825209413595,1,0,transmodal
3948,sub-8,31,0.0883205501757866,0,0,transmodal
3949,sub-8,31,0.0560340543061815,1,0,transmodal
3950,sub-8,35,0.081410339487354,0,1,unimodal
3951,sub-8,35,0.0873576397725402,1,1,unimodal
3952,sub-8,36,0.08084523652677,0,0,transmodal
3953,sub-8,36,0.1041707296731835,1,0,transmodal
3954,sub-8,37,0.0834874477432863,0,0,transmodal
3955,sub-8,37,0.0867243338973518,1,0,transmodal
3956,sub-8,38,0.0936066684220154,0,1,unimodal
3957,sub-8,38,0.4937424173050108,1,1,unimodal
3958,sub-8,41,0.0819789590910732,0,1,unimodal
3959,sub-8,41,0.4363987825268549,1,1,unimodal
3960,sub-8,43,0.3674626762098315,0,0,transmodal
3961,sub-8,43,0.0824317648476957,1,0,transmodal
3962,sub-8,44,0.3381311309566642,0,0,transmodal
3963,sub-8,44,0.1727011618644501,1,0,transmodal
3964,sub-8,49,0.2131373339533699,0,0,transmodal
3965,sub-8,49,0.0494287569995253,1,0,transmodal
3966,sub-8,51,0.0802716273426297,0,1,unimodal
3967,sub-8,51,0.0791360427081046,1,1,unimodal
3968,sub-8,55,0.0814406478122788,0,1,unimodal
3969,sub-8,55,0.089755142839211,1,1,unimodal
3970,sub-8,57,0.0850390177019371,0,0,transmodal
3971,sub-8,57,0.0789644473303009,1,0,transmodal
3972,sub-8,59,0.2441614157897673,0,0,transmodal
3973,sub-8,59,0.0788152291075332,1,0,transmodal
3974,sub-8,62,0.1047910755940623,0,0,transmodal
3975,sub-8,62,0.0905955335571953,1,0,transmodal
3976,sub-8,65,1.1166989820233713,0,0,transmodal
3977,sub-8,65,0.2997068390416896,1,0,transmodal
3978,sub-8,66,0.6640390487659504,0,0,transmodal
3979,sub-8,66,0.0905925467175048,1,0,transmodal
3980,sub-8,67,0.343191167814865,0,0,transmodal
3981,sub-8,67,0.0899807527725056,1,0,transmodal
3982,sub-8,68,0.8188145549474961,0,0,transmodal
3983,sub-8,68,0.0857965802811299,1,0,transmodal
3984,sub-8,69,0.6119933422471345,0,0,transmodal
3985,sub-8,69,0.0914842444049062,1,0,transmodal
3986,sub-8,71,0.0951943374089437,0,0,transmodal
3987,sub-8,71,0.0832753891013247,1,0,transmodal
3988,sub-8,72,0.3458392038270096,0,0,transmodal
3989,sub-8,72,0.0841391676787526,1,0,transmodal
3990,sub-8,76,0.6661585373238628,0,0,transmodal
3991,sub-8,76,0.0822471199141213,1,0,transmodal
3992,sub-8,80,0.0828347309174771,0,0,transmodal
3993,sub-8,80,0.0182268198700319,1,0,transmodal
3994,sub-8,81,0.7900832522229976,0,0,transmodal
3995,sub-8,81,0.0812141092632642,1,0,transmodal
3996,sub-8,83,0.779441943135603,0,0,transmodal
3997,sub-8,83,0.0811987282479872,1,0,transmodal
3998,sub-8,85,0.8119911081048174,0,0,transmodal
3999,sub-8,85,0.0809522973651901,1,0,transmodal
4000,sub-8,86,0.9938534571089732,0,0,transmodal
4001,sub-8,86,0.4330797431952197,1,0,transmodal
4002,sub-8,87,0.877143313003473,0,0,transmodal
4003,sub-8,87,0.0828093296941903,1,0,transmodal
4004,sub-8,92,0.0856152592555066,0,0,transmodal
4005,sub-8,92,0.0840486242927925,1,0,transmodal
4006,sub-8,93,0.0977717810233598,0,0,transmodal
4007,sub-8,93,0.0818910134144741,1,0,transmodal
4008,sub-8,95,0.0825460871405432,0,0,transmodal
4009,sub-8,95,0.0812831698838956,1,0,transmodal
4010,sub-8,96,0.528453264263905,0,0,transmodal
4011,sub-8,96,0.0843216295033786,1,0,transmodal
4012,sub-8,97,0.1020432940629054,0,0,transmodal
4013,sub-8,97,0.0825698914905492,1,0,transmodal
4014,sub-8,100,0.0901908330820441,0,1,unimodal
4015,sub-8,100,0.3483580402728488,1,1,unimodal
4016,sub-8,103,0.0937391856059279,0,1,unimodal
4017,sub-8,103,0.0795123329341596,1,1,unimodal
4018,sub-8,108,0.081233709766082,0,0,transmodal
4019,sub-8,108,0.0831067377020475,1,0,transmodal
4020,sub-8,109,0.0812578284747272,0,0,transmodal
4021,sub-8,109,0.0991662093251039,1,0,transmodal
4022,sub-8,110,0.0805902783592071,0,0,transmodal
4023,sub-8,110,0.0824732201001721,1,0,transmodal
4024,sub-8,111,0.0789567930701313,0,0,transmodal
4025,sub-8,111,0.082277250133079,1,0,transmodal
4026,sub-8,118,0.0834853183639293,0,0,transmodal
4027,sub-8,118,0.0801853927545262,1,0,transmodal
4028,sub-8,121,0.3403372233708087,0,0,transmodal
4029,sub-8,121,0.0846812728530589,1,0,transmodal
4030,sub-8,123,0.0849574198920258,0,1,unimodal
4031,sub-8,123,0.082024035093762,1,1,unimodal
4032,sub-8,124,0.0892158979437692,0,0,transmodal
4033,sub-8,124,0.2113112908666406,1,0,transmodal
4034,sub-8,126,0.079928607347436,0,0,transmodal
4035,sub-8,126,0.0792764958131653,1,0,transmodal
4036,sub-8,127,0.0842473574034627,0,0,transmodal
4037,sub-8,127,0.1413994998962697,1,0,transmodal
4038,sub-8,128,0.2949440018760468,0,0,transmodal
4039,sub-8,128,0.5679900987847292,1,0,transmodal
4040,sub-8,131,0.4378473942035026,0,0,transmodal
4041,sub-8,131,0.0845066255431647,1,0,transmodal
4042,sub-8,132,0.8292919410914212,0,0,transmodal
4043,sub-8,132,0.0837248978478214,1,0,transmodal
4044,sub-8,133,0.0826381022300314,0,0,transmodal
4045,sub-8,133,0.0851020338055611,1,0,transmodal
4046,sub-8,134,0.0821681873671598,0,0,transmodal
4047,sub-8,134,0.0799027131546174,1,0,transmodal
4048,sub-8,135,1.508698939840342,0,0,transmodal
4049,sub-8,135,0.0806802358108729,1,0,transmodal
4050,sub-8,136,0.8386311393183782,0,0,transmodal
4051,sub-8,136,0.5347451592783441,1,0,transmodal
4052,sub-8,139,0.0848820550682155,0,0,transmodal
4053,sub-8,139,0.0139392778283807,1,0,transmodal
4054,sub-8,142,0.0842646009425987,0,0,transmodal
4055,sub-8,142,0.0342701105748616,1,0,transmodal
4056,sub-8,149,0.0540471877155544,0,0,transmodal
4057,sub-8,149,0.1014425426922161,1,0,transmodal
4058,sub-8,150,0.1094052696433374,0,0,transmodal
4059,sub-8,150,0.0852901560151428,1,0,transmodal
4060,sub-8,152,0.080211330927667,0,1,unimodal
4061,sub-8,152,0.0405367287297123,1,1,unimodal
4062,sub-8,153,0.0787010000576798,0,1,unimodal
4063,sub-8,153,0.0869080274466231,1,1,unimodal
4064,sub-8,154,0.0185782998686179,0,0,transmodal
4065,sub-8,154,0.0836932767019115,1,0,transmodal
4066,sub-8,156,0.0816932611299987,0,1,unimodal
4067,sub-8,156,0.0791864522658038,1,1,unimodal
4068,sub-8,158,0.0823170544707407,0,1,unimodal
4069,sub-8,158,0.0800245981265923,1,1,unimodal
4070,sub-8,161,0.0895726253232563,0,0,transmodal
4071,sub-8,161,0.0802871923289235,1,0,transmodal
4072,sub-8,167,0.0808466966731131,0,1,unimodal
4073,sub-8,167,0.083483851836286,1,1,unimodal
4074,sub-8,184,0.3606929754711757,0,1,unimodal
4075,sub-8,184,0.0969837213392213,1,1,unimodal
4076,sub-8,185,0.4205867624835038,0,1,unimodal
4077,sub-8,185,0.0452194370288315,1,1,unimodal
4078,sub-8,187,0.071632014621886,0,1,unimodal
4079,sub-8,187,0.7104417516889294,1,1,unimodal
4080,sub-8,188,0.0829621051402869,0,1,unimodal
4081,sub-8,188,0.6953617487639996,1,1,unimodal
4082,sub-8,194,0.3930606615063488,0,0,transmodal
4083,sub-8,194,0.0807774903467633,1,0,transmodal
4084,sub-8,196,0.2688883200533812,0,1,unimodal
4085,sub-8,196,0.1105324298161077,1,1,unimodal
4086,sub-8,204,0.0375313454708771,0,0,transmodal
4087,sub-8,204,0.409011620151877,1,0,transmodal
4088,sub-8,205,0.8660834844682925,0,0,transmodal
4089,sub-8,205,0.0850074384427847,1,0,transmodal
4090,sub-8,208,0.3118506382442224,0,0,transmodal
4091,sub-8,208,0.0843745044063682,1,0,transmodal
4092,sub-8,214,0.019110535493863,0,0,transmodal
4093,sub-8,214,0.0835862762904814,1,0,transmodal
4094,sub-8,215,0.078331234413332,0,1,unimodal
4095,sub-8,215,0.084997626507738,1,1,unimodal
4096,sub-8,217,0.2398176877858123,0,0,transmodal
4097,sub-8,217,0.0821039978252139,1,0,transmodal
4098,sub-8,219,0.0835259014853451,0,1,unimodal
4099,sub-8,219,0.0791904521646801,1,1,unimodal
4100,sub-8,220,0.0830519658254828,0,1,unimodal
4101,sub-8,220,0.079719843733947,1,1,unimodal
4102,sub-8,222,0.258962655996059,0,0,transmodal
4103,sub-8,222,0.085953497491772,1,0,transmodal
4104,sub-8,224,0.4377808522707083,0,0,transmodal
4105,sub-8,224,0.2570603768324979,1,0,transmodal
4106,sub-8,226,0.0970116044440285,0,1,unimodal
4107,sub-8,226,0.3557723891447365,1,1,unimodal
4108,sub-8,227,0.1205704334668661,0,1,unimodal
4109,sub-8,227,0.0917771133335754,1,1,unimodal
4110,sub-8,231,0.0799833021605807,0,1,unimodal
4111,sub-8,231,0.8575906155482219,1,1,unimodal
4112,sub-8,232,0.082979520539304,0,1,unimodal
4113,sub-8,232,0.3390286497408162,1,1,unimodal
4114,sub-8,233,0.0871783532247036,0,1,unimodal
4115,sub-8,233,0.0797387524135045,1,1,unimodal
4116,sub-8,237,0.078544253479383,0,0,transmodal
4117,sub-8,237,0.0886541139964224,1,0,transmodal
4118,sub-8,246,0.4150129214527253,0,0,transmodal
4119,sub-8,246,0.0913654261338152,1,0,transmodal
4120,sub-8,249,0.4973287106584574,0,0,transmodal
4121,sub-8,249,0.0180960531361788,1,0,transmodal
4122,sub-8,250,0.4350567825989651,0,0,transmodal
4123,sub-8,250,0.0807156881826857,1,0,transmodal
4124,sub-8,258,0.0999971999620567,0,0,transmodal
4125,sub-8,258,0.0910245952535153,1,0,transmodal
4126,sub-8,260,0.6265517836572324,0,0,transmodal
4127,sub-8,260,0.2878599107638821,1,0,transmodal
4128,sub-8,261,0.8031643519916759,0,0,transmodal
4129,sub-8,261,0.1122604014089626,1,0,transmodal
4130,sub-8,262,0.5897989684747124,0,0,transmodal
4131,sub-8,262,0.0838122212953004,1,0,transmodal
4132,sub-8,264,0.1041813235562855,0,0,transmodal
4133,sub-8,264,0.0833023951720717,1,0,transmodal
4134,sub-8,266,0.4873135099135494,0,0,transmodal
4135,sub-8,266,0.0808507155012494,1,0,transmodal
4136,sub-8,267,0.0909810822958007,0,0,transmodal
4137,sub-8,267,0.0793966319778167,1,0,transmodal
4138,sub-8,268,0.0842516822004598,0,0,transmodal
4139,sub-8,268,0.0539002886984136,1,0,transmodal
4140,sub-8,272,0.3754997242839637,0,0,transmodal
4141,sub-8,272,0.0798780107415962,1,0,transmodal
4142,sub-8,274,0.5129539494911539,0,0,transmodal
4143,sub-8,274,0.0800096965494699,1,0,transmodal
4144,sub-8,280,0.0825430183355694,0,1,unimodal
4145,sub-8,280,0.0858352803545967,1,1,unimodal
4146,sub-8,286,0.0828643956668107,0,1,unimodal
4147,sub-8,286,0.0841768182426787,1,1,unimodal
4148,sub-8,289,0.0824634020000613,0,0,transmodal
4149,sub-8,289,0.081264583276425,1,0,transmodal
4150,sub-8,291,0.0827868588560197,0,0,transmodal
4151,sub-8,291,0.0821216950143125,1,0,transmodal
4152,sub-8,296,0.0800099765562348,0,0,transmodal
4153,sub-8,296,0.2088742662297532,1,0,transmodal
4154,sub-8,298,0.6123510077044977,0,0,transmodal
4155,sub-8,298,0.0831119877465567,1,0,transmodal
4156,sub-8,301,0.6231283895652833,0,0,transmodal
4157,sub-8,301,0.0677327916684048,1,0,transmodal
4158,sub-8,302,0.3005656455178987,0,0,transmodal
4159,sub-8,302,0.084929846641974,1,0,transmodal
4160,sub-8,303,0.0817564112598217,0,1,unimodal
4161,sub-8,303,0.0795637016898596,1,1,unimodal
4162,sub-8,307,0.4890507004303219,0,0,transmodal
4163,sub-8,307,0.0252690694546134,1,0,transmodal
4164,sub-8,309,0.3331941893271504,0,0,transmodal
4165,sub-8,309,0.2726442026329982,1,0,transmodal
4166,sub-8,310,0.9046010083762184,0,0,transmodal
4167,sub-8,310,0.0845106927498548,1,0,transmodal
4168,sub-8,312,0.2165660654388493,0,0,transmodal
4169,sub-8,312,0.0843395627960275,1,0,transmodal
4170,sub-8,313,0.2560217839373911,0,0,transmodal
4171,sub-8,313,0.0803918023962791,1,0,transmodal
4172,sub-8,314,0.5827119257157578,0,0,transmodal
4173,sub-8,314,0.0801287518244412,1,0,transmodal
4174,sub-8,316,0.1718643405984421,0,0,transmodal
4175,sub-8,316,0.5387016955283721,1,0,transmodal
4176,sub-8,317,0.6811268695012912,0,1,unimodal
4177,sub-8,317,0.0889521670408371,1,1,unimodal
4178,sub-8,321,0.534402044343845,0,1,unimodal
4179,sub-8,321,0.0907897927660059,1,1,unimodal
4180,sub-8,323,0.5217974534184662,0,0,transmodal
4181,sub-8,323,0.0793801427843194,1,0,transmodal
4182,sub-8,326,0.4469793483269769,0,0,transmodal
4183,sub-8,326,0.249543780959718,1,0,transmodal
4184,sub-8,327,0.4916797499720314,0,0,transmodal
4185,sub-8,327,0.6618980047830567,1,0,transmodal
4186,sub-8,328,0.0519412083329395,0,0,transmodal
4187,sub-8,328,0.0801258965671609,1,0,transmodal
4188,sub-8,334,0.0836252512086483,0,0,transmodal
4189,sub-8,334,0.2580887106046906,1,0,transmodal
4190,sub-8,335,0.5157356521570227,0,1,unimodal
4191,sub-8,335,0.0578774331204188,1,1,unimodal
4192,sub-8,339,0.0775946909444163,0,1,unimodal
4193,sub-8,339,0.0973713549396744,1,1,unimodal
4194,sub-8,342,0.0839612127447582,0,1,unimodal
4195,sub-8,342,0.0381359374096804,1,1,unimodal
4196,sub-8,344,0.1049598436807232,0,0,transmodal
4197,sub-8,344,0.0305470587671169,1,0,transmodal
4198,sub-8,349,0.058881050973688,0,0,transmodal
4199,sub-8,349,0.0851546605102735,1,0,transmodal
4200,sub-8,350,0.0920939857783382,0,0,transmodal
4201,sub-8,350,0.0808404812479512,1,0,transmodal
4202,sub-8,352,0.0789262642113819,0,1,unimodal
4203,sub-8,352,0.0891150040755957,1,1,unimodal
